Workbook

Sheet GSVA_cur
A1: State : | B1: Ladakh
A2: Gross State Value Added by economic activity at current prices
D3: =[1]GSVA_cur!$I$3 -> 01.08.2025
C4: (Rs. in lakh)
A5: S.No. | B5: Item | C5: 2022-23 | D5: 2023-24
A6: 1. | B6: Agriculture, forestry and fishing | C6: =SUM(C7:C10) -> 77686.141 | D6: =SUM(D7:D10) -> 134492.86
A7: 1.1 | B7: Crops | C7: 13134.966 | D7: 29312
A8: 1.2 | B8: Livestock | C8: 26382.46 | D8: 63748.293
A9: 1.3 | B9: Forestry and logging | C9: 37589.743 | D9: 40939.386
A10: 1.4 | B10: Fishing and aquaculture | C10: 578.97242 | D10: 493.17938
A11: 2. | B11: Mining and quarrying | C11: 7270 | D11: 19972.159
B12: Primary | C12: =C6+C11 -> 84956.141 | D12: =D6+D11 -> 154465.02
A13: 3. | B13: Manufacturing | C13: 6197.9533 | D13: 11353.263
A14: 4. | B14: Electricity, gas, water supply & other utility services | C14: 29390.994 | D14: 28386.88
A15: 5. | B15: Construction | C15: 38252.828 | D15: 63650.354
B16: Secondary | C16: =C13+C14+C15 -> 73841.776 | D16: =D13+D14+D15 -> 103390.5
A17: 6. | B17: Trade, repair, hotels and restaurants | C17: =C18+C19 -> 43583 | D17: =D18+D19 -> 50097.866
A18: 6.1 | B18: Trade & repair services | C18: 41669 | D18: 47484.386
A19: 6.2 | B19: Hotels & restaurants | C19: 1914 | D19: 2613.4794
A20: 7. | B20: Transport, storage, communication & services related to broadcasting | C20: =SUM(C21:C27) -> 46080.246 | D20: =SUM(D21:D27) -> 57237.709
A21: 7.1 | B21: Railways | C21: 0 | D21: 0
A22: 7.2 | B22: Road transport | C22: 21217.371 | D22: 23775.395
A23: 7.3 | B23: Water transport | C23: 0 | D23: 0
A24: 7.4 | B24: Air transport | C24: 6412.6142 | D24: 9449.5755
A25: 7.5 | B25: Services incidental to transport | C25: 4807.6103 | D25: 7925.3087
A26: 7.6 | B26: Storage | C26: 0 | D26: 529.87978
A27: 7.7 | B27: Communication & services related to broadcasting | C27: 13642.651 | D27: 15557.55
A28: 8. | B28: Financial services | C28: 21234 | D28: 23092.46
A29: 9. | B29: Real estate, ownership of dwelling & professional services | C29: 46143.7 | D29: 49614.103
A30: 10. | B30: Public administration | C30: 131908.52 | D30: 124549.58
A31: 11. | B31: Other services | C31: 142627.39 | D31: 136578.74
B32: Tertiary | C32: =C17+C20+C28+C29+C30+C31 -> 431576.85 | D32: =D17+D20+D28+D29+D30+D31 -> 441170.46
A33: 12. | B33: TOTAL GSVA at basic prices | C33: =C6+C11+C13+C14+C15+C17+C20+C28+C29+C30+C31 -> 590374.77 | D33: =D6+D11+D13+D14+D15+D17+D20+D28+D29+D30+D31 -> 699025.98
A34: 13. | B34: Taxes on Products | C34: 75446.646 | D34: 136527.97
A35: 14 | B35: Subsidies on products | C35: 9352 | D35: 5137
A36: 15. | B36: Gross State Domestic Product | C36: =C33+C34-C35 -> 656469.42 | D36: =D33+D34-D35 -> 830416.95
A37: 16. | B37: Population ('00) | C37: 3000 | D37: 3010
A38: 17. | B38: Per Capita GSDP (Rs.) | C38: =C36/C37*1000 -> 218823.14 | D38: =D36/D37*1000 -> 275886.03
A39: Source: Directorate of Economics & Statistics of respective State Governments.

Sheet NSVA_cur
A1: State : | B1: Ladakh
A2: Net State Value Added by economic activity at current prices
D3: =[1]GSVA_cur!$I$3 -> 01.08.2025
C4: (Rs. in lakh)
A5: S.No. | B5: Item | C5: 2022-23 | D5: 2023-24
A6: 1. | B6: Agriculture, forestry and fishing | C6: =SUM(C7:C10) -> 76200.628 | D6: =SUM(D7:D10) -> 133024.17
A7: 1.1 | B7: Crops | C7: 12450.751 | D7: 28586
A8: 1.2 | B8: Livestock | C8: 26029.594 | D8: 63481.624
A9: 1.3 | B9: Forestry and logging | C9: 37180.446 | D9: 40497.709
A10: 1.4 | B10: Fishing and aquaculture | C10: 539.8372 | D10: 458.83606
A11: 2. | B11: Mining and quarrying | C11: 6132 | D11: 16769.86
B12: Primary | C12: =C6+C11 -> 82332.628 | D12: =D6+D11 -> 149794.03
A13: 3. | B13: Manufacturing | C13: -404.76037 | D13: 4224.2219
A14: 4. | B14: Electricity, gas, water supply & other utility services | C14: 19537.895 | D14: 20266.496
A15: 5. | B15: Construction | C15: 34731.588 | D15: 57814.673
B16: Secondary | C16: =+C13+C14+C15 -> 53864.722 | D16: =+D13+D14+D15 -> 82305.391
A17: 6. | B17: Trade, repair, hotels and restaurants | C17: =C18+C19 -> 34017.111 | D17: =D18+D19 -> 39505.524
A18: 6.1 | B18: Trade & repair services | C18: 33499.877 | D18: 38727.583
A19: 6.2 | B19: Hotels & restaurants | C19: 517.23434 | D19: 777.94132
A20: 7. | B20: Transport, storage, communication & services related to broadcasting | C20: =SUM(C21:C27) -> 27274.799 | D20: =SUM(D21:D27) -> 36751.804
A21: 7.1 | B21: Railways | C21: 0 | D21: 0
A22: 7.2 | B22: Road transport | C22: 11955.509 | D22: 13247.873
A23: 7.3 | B23: Water transport | C23: 0 | D23: 0
A24: 7.4 | B24: Air transport | C24: 2028.5554 | D24: 5770.9019
A25: 7.5 | B25: Services incidental to transport | C25: 4048.115 | D25: 6767.1087
A26: 7.6 | B26: Storage | C26: 0 | D26: 458.2217
A27: 7.7 | B27: Communication & services related to broadcasting | C27: 9242.6202 | D27: 10507.7
A28: 8. | B28: Financial services | C28: 20731.815 | D28: 22556.722
A29: 9. | B29: Real estate, ownership of dwelling & professional services | C29: 31649.26 | D29: 33732.282
A30: 10. | B30: Public administration | C30: 109195.64 | D30: 103585.44
A31: 11. | B31: Other services | C31: 135748.35 | D31: 129880.57
B32: Tertiary | C32: =C17+C20+C28+C29+C30+C31 -> 358616.98 | D32: =D17+D20+D28+D29+D30+D31 -> 366012.34
A33: 12. | B33: TOTAL NSVA at basic prices | C33: =C6+C11+C13+C14+C15+C17+C20+C28+C29+C30+C31 -> 494814.33 | D33: =D6+D11+D13+D14+D15+D17+D20+D28+D29+D30+D31 -> 598111.76
A34: 13. | B34: Taxes on Products | C34: =GSVA_cur!C34 -> 75446.646 | D34: =GSVA_cur!D34 -> 136527.97
A35: 14. | B35: Subsidies on products | C35: =GSVA_cur!C35 -> 9352 | D35: =GSVA_cur!D35 -> 5137
A36: 15. | B36: Net State Domestic Product | C36: =C33+C34-C35 -> 560908.97 | D36: =D33+D34-D35 -> 729502.73
A37: 16. | B37: Population ('00) | C37: =GSVA_cur!C37 -> 3000 | D37: =GSVA_cur!D37 -> 3010
A38: 17. | B38: Per Capita NSDP (Rs.) | C38: =C36/C37*1000 -> 186969.66 | D38: =D36/D37*1000 -> 242359.71
A39: Source: Directorate of Economics & Statistics of respective State Governments.
