Workbook

Sheet GSVA_cur
A1: State : | B1: Manipur
A2: Gross State Value Added by economic activity at current prices | I2: =[1]GSVA_cur!$I$3 -> 01.08.2025
F4: (Rs. in lakh)
A5: S.No. | B5: Item | C5: 2011-12 | D5: 2012-13 | E5: 2013-14 | F5: 2014-15 | G5: 2015-16 | H5: 2016-17 | I5: 2017-18 | J5: 2018-19 | K5: 2019-20 | L5: 2020-21 | M5: 2021-22 | N5: 2022-23 | O5: 2023-24
A6: 1. | B6: Agriculture, forestry and fishing | C6: =C7+C8+C9+C10 -> 251622.58 | D6: =D7+D8+D9+D10 -> 297164.76 | E6: =E7+E8+E9+E10 -> 348747.66 | F6: =F7+F8+F9+F10 -> 400433 | G6: =G7+G8+G9+G10 -> 397568 | H6: =H7+H8+H9+H10 -> 419897 | I6: =I7+I8+I9+I10 -> 673554 | J6: =J7+J8+J9+J10 -> 725622 | ... O6: =O7+O8+O9+O10 -> 873138
A7: 1.1 | B7: Crops | C7: 137771.58 | D7: 168582.76 | E7: 205623.48 | F7: 248051 | G7: 235995 | H7: 224997 | I7: 450711 | J7: 509503 | K7: 544732 | L7: 594724 | M7: 654831 | N7: 583271 | O7: 607465
A8: 1.2 | B8: Livestock | C8: 52587 | D8: 58268 | E8: 67294.08 | F8: 73744 | G8: 80879 | H8: 84455 | I8: 96785 | J8: 95040 | K8: 103225 | L8: 109680 | M8: 120137 | N8: 116351 | O8: 139798
A9: 1.3 | B9: Forestry and logging | C9: 42183 | D9: 43885 | E9: 41994 | F9: 43083 | G9: 40811 | H9: 67973 | I9: 76918 | J9: 65258 | K9: 56033 | L9: 38562 | M9: 40371 | N9: 41571 | O9: 49168
A10: 1.4 | B10: Fishing and aquaculture | C10: 19081 | D10: 26429 | E10: 33836.1 | F10: 35555 | G10: 39883 | H10: 42472 | I10: 49140 | J10: 55821 | K10: 52931 | L10: 58428 | M10: 62571 | N10: 64532 | O10: 76707
A11: 2. | B11: Mining and quarrying | C11: 0 | D11: 0 | E11: 0 | F11: 0 | G11: 0 | H11: 0 | I11: 0 | J11: 0 | K11: 0 | L11: 0 | M11: 0
B12: Primary | C12: =C6+C11 -> 251622.58 | D12: =D6+D11 -> 297164.76 | E12: =E6+E11 -> 348747.66 | F12: =F6+F11 -> 400433 | G12: =G6+G11 -> 397568 | H12: =H6+H11 -> 419897 | I12: =I6+I11 -> 673554 | J12: =J6+J11 -> 725622 | ... O12: =O6+O11 -> 873138
A13: 3. | B13: Manufacturing | C13: 40990 | D13: 30594 | E13: 46011 | F13: 47201 | G13: 59408 | H13: 60896 | I13: 61998 | J13: 63648 | K13: 44819 | L13: 46141 | M13: 56513 | N13: 56824 | O13: 63956
A14: 4. | B14: Electricity, gas, water supply & other utility services | C14: 54276 | D14: 55506 | E14: 48391 | F14: 27410 | G14: 33257 | H14: 39667 | I14: 59750 | J14: 54968 | K14: 55368 | L14: 63177 | M14: 67361 | N14: 76495 | O14: 83442
A15: 5. | B15: Construction | C15: 100712 | D15: 106164 | E15: 120023 | F15: 191000 | G15: 202688 | H15: 191502 | I15: 211321 | J15: 138334 | K15: 146254 | L15: 129510 | M15: 200588 | N15: 233539 | O15: 268314
B16: Secondary | C16: =+C13+C14+C15 -> 195978 | D16: =+D13+D14+D15 -> 192264 | E16: =+E13+E14+E15 -> 214425 | F16: =+F13+F14+F15 -> 265611 | G16: =+G13+G14+G15 -> 295353 | H16: =+H13+H14+H15 -> 292065 | I16: =+I13+I14+I15 -> 333069 | J16: =+J13+J14+J15 -> 256950 | ... O16: =+O13+O14+O15 -> 415712
A17: 6. | B17: Trade, repair, hotels and restaurants | C17: =C18+C19 -> 156450 | D17: =D18+D19 -> 140653 | E17: =E18+E19 -> 217288 | F17: =F18+F19 -> 237568 | G17: =G18+G19 -> 260508 | H17: =H18+H19 -> 286274 | I17: =I18+I19 -> 325480 | J17: =J18+J19 -> 368411 | ... O17: =O18+O19 -> 509763
A18: 6.1 | B18: Trade & repair services | C18: 149457 | D18: 132930 | E18: 208884 | F18: 228858 | G18: 250960 | H18: 275809 | I18: 313900 | J18: 355194 | K18: 383178 | L18: 304886 | M18: 383225 | N18: 461068 | O18: 486378
A19: 6.2 | B19: Hotels & restaurants | C19: 6993 | D19: 7723 | E19: 8404 | F19: 8710 | G19: 9548 | H19: 10465 | I19: 11580 | J19: 13217 | K19: 14604 | L19: 6825 | M19: 10406 | N19: 19906 | O19: 23385
A20: 7. | B20: Transport, storage, communication & services related to broadcasting | C20: =SUM(C21:C27) -> 70408 | D20: =SUM(D21:D27) -> 87255 | E20: =SUM(E21:E27) -> 98114 | F20: =SUM(F21:F27) -> 107959 | G20: =SUM(G21:G27) -> 124084 | H20: =SUM(H21:H27) -> 139817 | I20: =SUM(I21:I27) -> 147565 | J20: =SUM(J21:J27) -> 156287 | ... O20: =SUM(O21:O27) -> 250785
A21: 7.1 | B21: Railways | C21: 2 | D21: 3 | E21: 5 | F21: 6 | G21: 7 | H21: 6 | I21: 7 | J21: 8 | K21: 53 | L21: 62 | M21: 72 | N21: 38 | O21: 335
A22: 7.2 | B22: Road transport | C22: 43561 | D22: 53400 | E22: 56436 | F22: 58935 | G22: 62770 | H22: 72410 | I22: 78738 | J22: 88507 | K22: 92577 | L22: 75387 | M22: 114270 | N22: 121048 | O22: 119723
A23: 7.3 | B23: Water transport | C23: 0 | D23: 0 | E23: 0 | F23: 0 | G23: 0 | H23: 0 | I23: 0 | J23: 0 | K23: 0 | L23: 0 | M23: 0
A24: 7.4 | B24: Air transport | C24: 1999 | D24: 3502 | E24: 2499 | F24: 3668 | G24: 6969 | H24: 7437 | I24: 7230 | J24: 4715 | K24: 8488 | L24: 4633 | M24: 4796 | N24: 6841 | O24: 11211
A25: 7.5 | B25: Services incidental to transport | C25: 1816 | D25: 2226 | E25: 2330 | F25: 2442 | G25: 2617 | H25: 8234 | I25: 8495 | J25: 9538 | K25: 9627 | L25: 4936 | M25: 7456 | N25: 11487 | O25: 14734
A26: 7.6 | B26: Storage | C26: 0 | D26: 0 | E26: 0 | F26: 0 | G26: 0 | H26: 0 | I26: 0 | J26: 0 | K26: 0 | L26: 0 | M26: 0
A27: 7.7 | B27: Communication & services related to broadcasting | C27: 23030 | D27: 28124 | E27: 36844 | F27: 42908 | G27: 51721 | H27: 51730 | I27: 53095 | J27: 53519 | K27: 62351 | L27: 69827 | M27: 79871 | N27: 93475 | O27: 104782
A28: 8. | B28: Financial services | C28: 23399 | D28: 25250 | E28: 28230 | F28: 29609 | G28: 37875 | H28: 38515 | I28: 43542 | J28: 58371 | K28: 69087 | L28: 71562 | M28: 79424 | N28: 101237 | O28: 190217
A29: 9. | B29: Real estate, ownership of dwelling & professional services | C29: 134847 | D29: 144304 | E29: 152279 | F29: 157980 | G29: 158360 | H29: 169921 | I29: 184563 | J29: 199661 | K29: 199415 | L29: 198331 | M29: 215887 | N29: 232063 | O29: 246672
A30: 10. | B30: Public administration | C30: 231790 | D30: 243900 | E30: 252574 | F30: 288789 | G30: 342238 | H30: 346247 | I30: 361787 | J30: 390771 | K30: 436717 | L30: 509599 | M30: 573277 | N30: 642273 | O30: 782784
A31: 11. | B31: Other services | C31: 208417 | D31: 241678 | E31: 272290 | F31: 298681 | G31: 287332 | H31: 351098 | I31: 434413 | J31: 472161 | K31: 564679 | L31: 558245 | M31: 676015 | N31: 810419 | O31: 941135
B32: Tertiary | C32: =C17+C20+C28+C29+C30+C31 -> 825311 | D32: =D17+D20+D28+D29+D30+D31 -> 883040 | E32: =E17+E20+E28+E29+E30+E31 -> 1020775 | F32: =F17+F20+F28+F29+F30+F31 -> 1120586 | G32: =G17+G20+G28+G29+G30+G31 -> 1210397 | H32: =H17+H20+H28+H29+H30+H31 -> 1331872 | I32: =I17+I20+I28+I29+I30+I31 -> 1497350 | J32: =J17+J20+J28+J29+J30+J31 -> 1645662 | ... O32: =O17+O20+O28+O29+O30+O31 -> 2921356
A33: 12. | B33: TOTAL GSVA at basic prices | C33: =C6+C11+C13+C14+C15+C17+C20+C28+C29+C30+C31 -> 1272911.6 | D33: =D6+D11+D13+D14+D15+D17+D20+D28+D29+D30+D31 -> 1372468.8 | E33: =E6+E11+E13+E14+E15+E17+E20+E28+E29+E30+E31 -> 1583947.7 | F33: =F6+F11+F13+F14+F15+F17+F20+F28+F29+F30+F31 -> 1786630 | G33: =G6+G11+G13+G14+G15+G17+G20+G28+G29+G30+G31 -> 1903318 | H33: =H6+H11+H13+H14+H15+H17+H20+H28+H29+H30+H31 -> 2043834 | I33: =I6+I11+I13+I14+I15+I17+I20+I28+I29+I30+I31 -> 2503973 | J33: =J6+J11+J13+J14+J15+J17+J20+J28+J29+J30+J31 -> 2628234 | ... O33: =O6+O11+O13+O14+O15+O17+O20+O28+O29+O30+O31 -> 4210206
A34: 13. | B34: Taxes on Products | C34: 48918.33 | D34: 46018.62 | E34: 77020.95 | F34: 76376 | G34: 97115 | H34: 113598 | I34: 100840 | J34: 140699 | K34: 166011 | L34: 187677 | M34: 232741 | N34: 261023 | O34: 216046
A35: 14. | B35: Subsidies on products | C35: 30370 | D35: 44163 | E35: 42765 | F35: 50101 | G35: 47366 | H35: 28043 | I35: 25890 | J35: 30126 | K35: 28846 | L35: 54583 | M35: 77064 | N35: 81030 | O35: 84876
A36: 15. | B36: Gross State Domestic Product | C36: =C33+C34-C35 -> 1291459.9 | D36: =D33+D34-D35 -> 1374324.4 | E36: =E33+E34-E35 -> 1618203.6 | F36: =F33+F34-F35 -> 1812905 | G36: =G33+G34-G35 -> 1953067 | H36: =H33+H34-H35 -> 2129389 | I36: =I33+I34-I35 -> 2578923 | J36: =J33+J34-J35 -> 2738807 | ... O36: =O33+O34-O35 -> 4341376
A37: 16. | B37: Population ('00) | C37: 28925 | D37: 29561 | E37: 30210 | F37: 30873 | G37: 31549 | H37: 32239 | I37: 32943 | J37: 33661 | K37: 34394 | L37: 35142 | M37: 31790 | N37: 32090 | O37: 32380
A38: 17. | B38: Per Capita GSDP (Rs.) | C38: =C36/C37*1000 -> 44648.571 | D38: =D36/D37*1000 -> 46491.133 | E38: =E36/E37*1000 -> 53565.164 | F38: =F36/F37*1000 -> 58721.375 | G38: =G36/G37*1000 -> 61905.829 | H38: =H36/H37*1000 -> 66050.095 | I38: =I36/I37*1000 -> 78284.4 | J38: =J36/J37*1000 -> 81364.398 | ... O38: =O36/O37*1000 -> 134075.85
A39: Source: Directorate of Economics & Statistics of respective State Governments.

Sheet GSVA_const
A1: State : | B1: Manipur
A2: Gross State Value Added by economic activity at constant (2011-12) prices | I2: =[1]GSVA_cur!$I$3 -> 01.08.2025
F4: (Rs. in lakh)
A5: S.No. | B5: Item | C5: 2011-12 | D5: 2012-13 | E5: 2013-14 | F5: 2014-15 | G5: 2015-16 | H5: 2016-17 | I5: 2017-18 | J5: 2018-19 | K5: 2019-20 | L5: 2020-21 | M5: 2021-22 | N5: 2022-23 | O5: 2023-24
A6: 1. | B6: Agriculture, forestry and fishing | C6: =C7+C8+C9+C10 -> 251622.58 | D6: =D7+D8+D9+D10 -> 276425.26 | E6: =E7+E8+E9+E10 -> 288574.87 | F6: =F7+F8+F9+F10 -> 295331 | G6: =G7+G8+G9+G10 -> 273718 | H6: =H7+H8+H9+H10 -> 290342 | I6: =I7+I8+I9+I10 -> 427979 | J6: =J7+J8+J9+J10 -> 412810 | ... O6: =O7+O8+O9+O10 -> 366070
A7: 1.1 | B7: Crops | C7: 137771.58 | D7: 159419.26 | E7: 167469.15 | F7: 177112 | G7: 152555 | H7: 141966 | I7: 267660 | J7: 267685 | K7: 254353 | L7: 259734 | M7: 281976 | N7: 233556 | O7: 231551
A8: 1.2 | B8: Livestock | C8: 52587 | D8: 54292 | E8: 55877.72 | F8: 56120 | G8: 56995 | H8: 58930 | I8: 62829 | J8: 57444 | K8: 59985 | L8: 57546 | M8: 58589 | N8: 54765 | O8: 57532
A9: 1.3 | B9: Forestry and logging | C9: 42183 | D9: 40439 | E9: 38993 | F9: 36178 | G9: 36806 | H9: 61910 | I9: 70391 | J9: 59720 | K9: 58142 | L9: 39331 | M9: 38784 | N9: 38457 | O9: 43007
A10: 1.4 | B10: Fishing and aquaculture | C10: 19081 | D10: 22275 | E10: 26235 | F10: 25921 | G10: 27362 | H10: 27536 | I10: 27099 | J10: 27961 | K10: 26509 | L10: 29201 | M10: 31346 | N10: 32329 | O10: 33980
A11: 2. | B11: Mining and quarrying | C11: 0 | D11: 0 | E11: 0 | F11: 0 | G11: 0 | H11: 0 | I11: 0 | J11: 0 | K11: 0 | L11: 0 | M11: 0
B12: Primary | C12: =C6+C11 -> 251622.58 | D12: =D6+D11 -> 276425.26 | E12: =E6+E11 -> 288574.87 | F12: =F6+F11 -> 295331 | G12: =G6+G11 -> 273718 | H12: =H6+H11 -> 290342 | I12: =I6+I11 -> 427979 | J12: =J6+J11 -> 412810 | ... O12: =O6+O11 -> 366070
A13: 3. | B13: Manufacturing | C13: 40990 | D13: 28894 | E13: 41278 | F13: 40523 | G13: 52135 | H13: 54581 | I13: 53275 | J13: 52165 | K13: 36966 | L13: 39218 | M13: 41675 | N13: 38750 | O13: 43620
A14: 4. | B14: Electricity, gas, water supply & other utility services | C14: 54276 | D14: 55762 | E14: 54234 | F14: 43057 | G14: 46224 | H14: 58536 | I14: 57022 | J14: 35974 | K14: 34762 | L14: 37882 | M14: 36765 | N14: 37882 | O14: 39693
A15: 5. | B15: Construction | C15: 100712 | D15: 99017 | E15: 111497 | F15: 172786 | G15: 198602 | H15: 167221 | I15: 173285 | J15: 106462 | K15: 128361 | L15: 96650 | M15: 131423 | N15: 140601 | O15: 161843
B16: Secondary | C16: =+C13+C14+C15 -> 195978 | D16: =+D13+D14+D15 -> 183673 | E16: =+E13+E14+E15 -> 207009 | F16: =+F13+F14+F15 -> 256366 | G16: =+G13+G14+G15 -> 296961 | H16: =+H13+H14+H15 -> 280338 | I16: =+I13+I14+I15 -> 283582 | J16: =+J13+J14+J15 -> 194601 | ... O16: =+O13+O14+O15 -> 245156
A17: 6. | B17: Trade, repair, hotels and restaurants | C17: =C18+C19 -> 156450 | D17: =D18+D19 -> 130915 | E17: =E18+E19 -> 190705 | F17: =F18+F19 -> 203972 | G17: =G18+G19 -> 237194 | H17: =H18+H19 -> 256129 | I17: =I18+I19 -> 283085 | J17: =J18+J19 -> 307748 | ... O17: =O18+O19 -> 337426
A18: 6.1 | B18: Trade & repair services | C18: 149457 | D18: 123727 | E18: 183334 | F18: 196506 | G18: 228505 | H18: 246773 | I18: 273017 | J18: 296703 | K18: 315109 | L18: 247634 | M18: 275030 | N18: 302645 | O18: 321936
A19: 6.2 | B19: Hotels & restaurants | C19: 6993 | D19: 7188 | E19: 7371 | F19: 7466 | G19: 8689 | H19: 9356 | I19: 10068 | J19: 11045 | K19: 12020 | L19: 5554 | M19: 7471 | N19: 13072 | O19: 15490
A20: 7. | B20: Transport, storage, communication & services related to broadcasting | C20: =C21+C22+C23+C24+C25+C26+C27 -> 70408 | D20: =D21+D22+D23+D24+D25+D26+D27 -> 80780 | E20: =E21+E22+E23+E24+E25+E26+E27 -> 86841 | F20: =F21+F22+F23+F24+F25+F26+F27 -> 95468 | G20: =G21+G22+G23+G24+G25+G26+G27 -> 107764 | H20: =H21+H22+H23+H24+H25+H26+H27 -> 121596 | I20: =I21+I22+I23+I24+I25+I26+I27 -> 126003 | J20: =J21+J22+J23+J24+J25+J26+J27 -> 127395 | ... O20: =O21+O22+O23+O24+O25+O26+O27 -> 174229
A21: 7.1 | B21: Railways | C21: 2 | D21: 3 | E21: 5 | F21: 5 | G21: 6 | H21: 6 | I21: 5 | J21: 6 | K21: 32 | L21: 31 | M21: 39 | N21: 22 | O21: 190
A22: 7.2 | B22: Road transport | C22: 43561 | D22: 49507 | E22: 50523 | F22: 53520 | G22: 56431 | H22: 64822 | I22: 69297 | J22: 74798 | K22: 80175 | L22: 85531 | M22: 87917 | N22: 92684 | O22: 94443
A23: 7.3 | B23: Water transport | C23: 0 | D23: 0 | E23: 0 | F23: 0 | G23: 0 | H23: 0 | I23: 0 | J23: 0 | K23: 0 | L23: 0 | M23: 0
A24: 7.4 | B24: Air transport | C24: 1999 | D24: 3230 | E24: 2169 | F24: 3128 | G24: 5806 | H24: 6082 | I24: 5767 | J24: 3551 | K24: 6153 | L24: 2995 | M24: 2863 | N24: 3926 | O24: 6363
A25: 7.5 | B25: Services incidental to transport | C25: 1816 | D25: 2064 | E25: 2106 | F25: 2231 | G25: 2352 | H25: 8284 | I25: 8507 | J25: 8649 | K25: 8817 | L25: 5364 | M25: 6279 | N25: 10135 | O25: 13670
A26: 7.6 | B26: Storage | C26: 0 | D26: 0 | E26: 0 | F26: 0 | G26: 0 | H26: 0 | I26: 0 | J26: 0 | K26: 0 | L26: 0 | M26: 0
A27: 7.7 | B27: Communication & services related to broadcasting | C27: 23030 | D27: 25976 | E27: 32038 | F27: 36584 | G27: 43169 | H27: 42402 | I27: 42427 | J27: 40391 | K27: 45381 | L27: 45470 | M27: 47849 | N27: 53759 | O27: 59563
A28: 8. | B28: Financial services | C28: 23399 | D28: 24918 | E28: 27257 | F28: 28309 | G28: 35103 | H28: 35788 | I28: 37626 | J28: 46629 | K28: 52767 | L28: 54338 | M28: 56276 | N28: 62955 | O28: 115792
A29: 9. | B29: Real estate, ownership of dwelling & professional services | C29: 134847 | D29: 136333 | E29: 137021 | F29: 138289 | G29: 132913 | H29: 129535 | I29: 126515 | J29: 126368 | K29: 124674 | L29: 122408 | M29: 130606 | N29: 136919 | O29: 143948
A30: 10. | B30: Public administration | C30: 231790 | D30: 233668 | E30: 216539 | F30: 234826 | G30: 281035 | H30: 263348 | I30: 249069 | J30: 249541 | K30: 263263 | L30: 292619 | M30: 318647 | N30: 347940 | O30: 391815
A31: 11. | B31: Other services | C31: 208417 | D31: 230853 | E31: 227976 | F31: 249977 | G31: 233161 | H31: 257226 | I31: 281665 | J31: 279482 | K31: 312757 | L31: 289824 | M31: 345042 | N31: 408058 | O31: 430870
B32: Tertiary | C32: =C17+C20+C28+C29+C30+C31 -> 825311 | D32: =D17+D20+D28+D29+D30+D31 -> 837467 | E32: =E17+E20+E28+E29+E30+E31 -> 886339 | F32: =F17+F20+F28+F29+F30+F31 -> 950841 | G32: =G17+G20+G28+G29+G30+G31 -> 1027170 | H32: =H17+H20+H28+H29+H30+H31 -> 1063622 | I32: =I17+I20+I28+I29+I30+I31 -> 1103963 | J32: =J17+J20+J28+J29+J30+J31 -> 1137163 | ... O32: =O17+O20+O28+O29+O30+O31 -> 1594080
A33: 12. | B33: TOTAL GSVA at basic prices | C33: =C6+C11+C13+C14+C15+C17+C20+C28+C29+C30+C31 -> 1272911.6 | D33: =D6+D11+D13+D14+D15+D17+D20+D28+D29+D30+D31 -> 1297565.3 | E33: =E6+E11+E13+E14+E15+E17+E20+E28+E29+E30+E31 -> 1381922.9 | F33: =F6+F11+F13+F14+F15+F17+F20+F28+F29+F30+F31 -> 1502538 | G33: =G6+G11+G13+G14+G15+G17+G20+G28+G29+G30+G31 -> 1597849 | H33: =H6+H11+H13+H14+H15+H17+H20+H28+H29+H30+H31 -> 1634302 | I33: =I6+I11+I13+I14+I15+I17+I20+I28+I29+I30+I31 -> 1815524 | J33: =J6+J11+J13+J14+J15+J17+J20+J28+J29+J30+J31 -> 1744574 | ... O33: =O6+O11+O13+O14+O15+O17+O20+O28+O29+O30+O31 -> 2205306
A34: 13. | B34: Taxes on Products | C34: 48918 | D34: 42553 | E34: 66521 | F34: 63808 | G34: 86905 | H34: 98110 | I34: 80121 | J34: 103894 | K34: 119205 | L34: 135384 | M34: 148822 | N34: 158004 | O34: 131031
A35: 14. | B35: Subsidies on products | C35: 30370 | D35: 40837 | E35: 36935 | F35: 41856 | G35: 42386 | H35: 24220 | I35: 20571 | J35: 22246 | K35: 20713 | L35: 39374 | M35: 49277 | N35: 49049 | O35: 51477
A36: 15. | B36: Gross State Domestic Product | C36: =C33+C34-C35 -> 1291459.6 | D36: =D33+D34-D35 -> 1299281.3 | E36: =E33+E34-E35 -> 1411508.9 | F36: =F33+F34-F35 -> 1524490 | G36: =G33+G34-G35 -> 1642368 | H36: =H33+H34-H35 -> 1708192 | I36: =I33+I34-I35 -> 1875074 | J36: =J33+J34-J35 -> 1826222 | ... O36: =O33+O34-O35 -> 2284860
A37: 16. | B37: Population ('00) | C37: =GSVA_cur!C37 -> 28925 | D37: =GSVA_cur!D37 -> 29561 | E37: =GSVA_cur!E37 -> 30210 | F37: =GSVA_cur!F37 -> 30873 | G37: =GSVA_cur!G37 -> 31549 | H37: =GSVA_cur!H37 -> 32239 | I37: =GSVA_cur!I37 -> 32943 | J37: =GSVA_cur!J37 -> 33661 | ... O37: =GSVA_cur!O37 -> 32380
A38: 17. | B38: Per Capita GSDP (Rs.) | C38: =C36/C37*1000 -> 44648.559 | D38: =D36/D37*1000 -> 43952.548 | E38: =E36/E37*1000 -> 46723.233 | F38: =F36/F37*1000 -> 49379.393 | G38: =G36/G37*1000 -> 52057.688 | H38: =H36/H37*1000 -> 52985.266 | I38: =I36/I37*1000 -> 56918.738 | J38: =J36/J37*1000 -> 54253.35 | ... O38: =O36/O37*1000 -> 70563.928
A39: Source: Directorate of Economics & Statistics of respective State Governments. | H39: =C39-GSVA_cur!C39 -> 0

Sheet NSVA_cur
A1: State : | B1: Manipur
A2: Net State Value Added by economic activity at current prices | I2: =[1]GSVA_cur!$I$3 -> 01.08.2025
F4: (Rs. in lakh)
A5: S.No. | B5: Item | C5: 2011-12 | D5: 2012-13 | E5: 2013-14 | F5: 2014-15 | G5: 2015-16 | H5: 2016-17 | I5: 2017-18 | J5: 2018-19 | K5: 2019-20 | L5: 2020-21 | M5: 2021-22 | N5: 2022-23 | O5: 2023-24
A6: 1. | B6: Agriculture, forestry and fishing | C6: =C7+C8+C9+C10 -> 230736.58 | D6: =D7+D8+D9+D10 -> 271875.76 | E6: =E7+E8+E9+E10 -> 319883.66 | F6: =F7+F8+F9+F10 -> 369191 | G6: =G7+G8+G9+G10 -> 364506 | H6: =H7+H8+H9+H10 -> 384484 | I6: =I7+I8+I9+I10 -> 636738 | J6: =J7+J8+J9+J10 -> 685892 | ... O6: =O7+O8+O9+O10 -> 817154
A7: 1.1 | B7: Crops | C7: 120336.58 | D7: 147587.76 | E7: 181713.48 | F7: 221580 | G7: 207816 | H7: 194498 | I7: 418727 | J7: 475386 | K7: 508327 | L7: 554631 | M7: 610685 | N7: 538206 | O7: 559240
A8: 1.2 | B8: Livestock | C8: 51840 | D8: 57428 | E8: 66389.08 | F8: 72743 | G8: 79944 | H8: 83533 | I8: 95784 | J8: 93980 | K8: 102105 | L8: 108494 | M8: 118701 | N8: 114734 | O8: 137910
A9: 1.3 | B9: Forestry and logging | C9: 41722 | D9: 43397 | E9: 41511 | F9: 42661 | G9: 40433 | H9: 67443 | I9: 76187 | J9: 64661 | K9: 55539 | L9: 38200 | M9: 39938 | N9: 41131 | O9: 48638
A10: 1.4 | B10: Fishing and aquaculture | C10: 16838 | D10: 23463 | E10: 30270.1 | F10: 32207 | G10: 36313 | H10: 39010 | I10: 46040 | J10: 51865 | K10: 49157 | L10: 53989 | M10: 57941 | N10: 59795 | O10: 71366
A11: 2. | B11: Mining and quarrying | C11: 0 | D11: 0 | E11: 0 | F11: 0 | G11: 0 | H11: 0 | I11: 0 | J11: 0 | K11: 0 | L11: 0 | M11: 0
B12: Primary | C12: =C6+C11 -> 230736.58 | D12: =D6+D11 -> 271875.76 | E12: =E6+E11 -> 319883.66 | F12: =F6+F11 -> 369191 | G12: =G6+G11 -> 364506 | H12: =H6+H11 -> 384484 | I12: =I6+I11 -> 636738 | J12: =J6+J11 -> 685892 | ... O12: =O6+O11 -> 817154
A13: 3. | B13: Manufacturing | C13: 32858 | D13: 21852 | E13: 36447 | F13: 37037 | G13: 49376 | H13: 50135 | I13: 50250 | J13: 50670 | K13: 30847 | L13: 30690 | M13: 38406 | N13: 34821 | O13: 40748
A14: 4. | B14: Electricity, gas, water supply & other utility services | C14: 39708 | D14: 40541 | E14: 32022 | F14: 17752 | G14: 22394 | H14: 26421 | I14: 46222 | J14: 37365 | K14: 38441 | L14: 42468 | M14: 45610 | N14: 50775 | O14: 59573
A15: 5. | B15: Construction | C15: 95958 | D15: 100561 | E15: 112734 | F15: 179771 | G15: 190638 | H15: 179757 | I15: 202468 | J15: 129171 | K15: 136078 | L15: 118178 | M15: 185539 | N15: 211933 | O15: 243703
B16: Secondary | C16: =+C13+C14+C15 -> 168524 | D16: =+D13+D14+D15 -> 162954 | E16: =+E13+E14+E15 -> 181203 | F16: =+F13+F14+F15 -> 234560 | G16: =+G13+G14+G15 -> 262408 | H16: =+H13+H14+H15 -> 256313 | I16: =+I13+I14+I15 -> 298940 | J16: =+J13+J14+J15 -> 217206 | ... O16: =+O13+O14+O15 -> 344024
A17: 6. | B17: Trade, repair, hotels and restaurants | C17: =C18+C19 -> 153265 | D17: =D18+D19 -> 136691 | E17: =E18+E19 -> 212327 | F17: =F18+F19 -> 231888 | G17: =G18+G19 -> 251028 | H17: =H18+H19 -> 275476 | I17: =I18+I19 -> 316197 | J17: =J18+J19 -> 353153 | ... O17: =O18+O19 -> 479825
A18: 6.1 | B18: Trade & repair services | C18: 146414 | D18: 129185 | E18: 204284 | F18: 223556 | G18: 242310 | H18: 265934 | I18: 305208 | J18: 341146 | K18: 367464 | L18: 287671 | M18: 362780 | N18: 436084 | O18: 459796
A19: 6.2 | B19: Hotels & restaurants | C19: 6851 | D19: 7506 | E19: 8043 | F19: 8332 | G19: 8718 | H19: 9542 | I19: 10989 | J19: 12007 | K19: 13194 | L19: 5233 | M19: 8368 | N19: 17077 | O19: 20029
A20: 7. | B20: Transport, storage, communication & services related to broadcasting | C20: =SUM(C21:C27) -> 59876 | D20: =SUM(D21:D27) -> 75298 | E20: =SUM(E21:E27) -> 81176 | F20: =SUM(F21:F27) -> 89899 | G20: =SUM(G21:G27) -> 103649 | H20: =SUM(H21:H27) -> 115922 | I20: =SUM(I21:I27) -> 119135 | J20: =SUM(J21:J27) -> 121654 | ... O20: =SUM(O21:O27) -> 190724
A21: 7.1 | B21: Railways | C21: 1 | D21: 2 | E21: 3 | F21: 3 | G21: 3 | H21: 2 | I21: 2 | J21: 2 | K21: 31 | L21: 62 | M21: 28 | N21: 15 | O21: 143
A22: 7.2 | B22: Road transport | C22: 37865 | D22: 47178 | E22: 50141 | F22: 52482 | G22: 55634 | H22: 63645 | I22: 68866 | J22: 75597 | K22: 77647 | L22: 60010 | M22: 97441 | N22: 103059 | O22: 100341
A23: 7.3 | B23: Water transport | C23: 0 | D23: 0 | E23: 0 | F23: 0 | G23: 0 | H23: 0 | I23: 0 | J23: 0 | K23: 0 | L23: 0 | M23: 0
A24: 7.4 | B24: Air transport | C24: 1738 | D24: 3094 | E24: 1221 | F24: 2450 | G24: 5743 | H24: 6266 | I24: 6073 | J24: 3330 | K24: 5174 | L24: 603 | M24: 342 | N24: 2642 | O24: 6847
A25: 7.5 | B25: Services incidental to transport | C25: 1578 | D25: 1967 | E25: 2016 | F25: 2153 | G25: 2291 | H25: 7157 | I25: 7323 | J25: 8050 | K25: 7997 | L25: 3943 | M25: 6179 | N25: 9627 | O25: 12581
A26: 7.6 | B26: Storage | C26: 0 | D26: 0 | E26: 0 | F26: 0 | G26: 0 | H26: 0 | I26: 0 | J26: 0 | K26: 0 | L26: 0 | M26: 0
A27: 7.7 | B27: Communication & services related to broadcasting | C27: 18694 | D27: 23057 | E27: 27795 | F27: 32811 | G27: 39978 | H27: 38852 | I27: 36871 | J27: 34675 | K27: 40571 | L27: 45475 | M27: 53255 | N27: 63406 | O27: 70812
A28: 8. | B28: Financial services | C28: 23030 | D28: 24803 | E28: 27751 | F28: 29063 | G28: 37101 | H28: 37665 | I28: 42602 | J28: 57042 | K28: 67513 | L28: 69703 | M28: 77333 | N28: 98864 | O28: 185804
A29: 9. | B29: Real estate, ownership of dwelling & professional services | C29: 117031 | D29: 123175 | E29: 127423 | F29: 130344 | G29: 129982 | H29: 138935 | I29: 150184 | J29: 159964 | K29: 156207 | L29: 150812 | M29: 160058 | N29: 167080 | O29: 177017
A30: 10. | B30: Public administration | C30: 178868 | D30: 189647 | E30: 197636 | F30: 228275 | G30: 274211 | H30: 280156 | I30: 296652 | J30: 322647 | K30: 363173 | L30: 422447 | M30: 473105 | N30: 529197 | O30: 650907
A31: 11. | B31: Other services | C31: 200228 | D31: 232510 | E31: 262307 | F31: 288040 | G31: 276676 | H31: 338721 | I31: 420267 | J31: 455866 | K31: 545846 | L31: 537484 | M31: 650278 | N31: 779464 | O31: 906958
B32: Tertiary | C32: =C17+C20+C28+C29+C30+C31 -> 732298 | D32: =D17+D20+D28+D29+D30+D31 -> 782124 | E32: =E17+E20+E28+E29+E30+E31 -> 908620 | F32: =F17+F20+F28+F29+F30+F31 -> 997509 | G32: =G17+G20+G28+G29+G30+G31 -> 1072647 | H32: =H17+H20+H28+H29+H30+H31 -> 1186875 | I32: =I17+I20+I28+I29+I30+I31 -> 1345037 | J32: =J17+J20+J28+J29+J30+J31 -> 1470326 | ... O32: =O17+O20+O28+O29+O30+O31 -> 2591235
A33: 12. | B33: TOTAL NSVA at basic prices | C33: =C6+C11+C13+C14+C15+C17+C20+C28+C29+C30+C31 -> 1131558.6 | D33: =D6+D11+D13+D14+D15+D17+D20+D28+D29+D30+D31 -> 1216953.8 | E33: =E6+E11+E13+E14+E15+E17+E20+E28+E29+E30+E31 -> 1409706.7 | F33: =F6+F11+F13+F14+F15+F17+F20+F28+F29+F30+F31 -> 1601260 | G33: =G6+G11+G13+G14+G15+G17+G20+G28+G29+G30+G31 -> 1699561 | H33: =H6+H11+H13+H14+H15+H17+H20+H28+H29+H30+H31 -> 1827672 | I33: =I6+I11+I13+I14+I15+I17+I20+I28+I29+I30+I31 -> 2280715 | J33: =J6+J11+J13+J14+J15+J17+J20+J28+J29+J30+J31 -> 2373424 | ... O33: =O6+O11+O13+O14+O15+O17+O20+O28+O29+O30+O31 -> 3752413
A34: 13. | B34: Taxes on Products | C34: =GSVA_cur!C34 -> 48918.33 | D34: =GSVA_cur!D34 -> 46018.62 | E34: =GSVA_cur!E34 -> 77020.95 | F34: =GSVA_cur!F34 -> 76376 | G34: =GSVA_cur!G34 -> 97115 | H34: =GSVA_cur!H34 -> 113598 | I34: =GSVA_cur!I34 -> 100840 | J34: =GSVA_cur!J34 -> 140699 | ... O34: =GSVA_cur!O34 -> 216046
A35: 14. | B35: Subsidies on products | C35: =GSVA_cur!C35 -> 30370 | D35: =GSVA_cur!D35 -> 44163 | E35: =GSVA_cur!E35 -> 42765 | F35: =GSVA_cur!F35 -> 50101 | G35: =GSVA_cur!G35 -> 47366 | H35: =GSVA_cur!H35 -> 28043 | I35: =GSVA_cur!I35 -> 25890 | J35: =GSVA_cur!J35 -> 30126 | ... O35: =GSVA_cur!O35 -> 84876
A36: 15. | B36: Net State Domestic Product | C36: =C33+C34-C35 -> 1150106.9 | D36: =D33+D34-D35 -> 1218809.4 | E36: =E33+E34-E35 -> 1443962.6 | F36: =F33+F34-F35 -> 1627535 | G36: =G33+G34-G35 -> 1749310 | H36: =H33+H34-H35 -> 1913227 | I36: =I33+I34-I35 -> 2355665 | J36: =J33+J34-J35 -> 2483997 | ... O36: =O33+O34-O35 -> 3883583
A37: 16. | B37: Population ('00) | C37: =GSVA_cur!C37 -> 28925 | D37: =GSVA_cur!D37 -> 29561 | E37: =GSVA_cur!E37 -> 30210 | F37: =GSVA_cur!F37 -> 30873 | G37: =GSVA_cur!G37 -> 31549 | H37: =GSVA_cur!H37 -> 32239 | I37: =GSVA_cur!I37 -> 32943 | J37: =GSVA_cur!J37 -> 33661 | ... O37: =GSVA_cur!O37 -> 32380
A38: 17. | B38: Per Capita NSDP (Rs.) | C38: =C36/C37*1000 -> 39761.691 | D38: =D36/D37*1000 -> 41230.316 | E38: =E36/E37*1000 -> 47797.504 | F38: =F36/F37*1000 -> 52717.099 | G38: =G36/G37*1000 -> 55447.399 | H38: =H36/H37*1000 -> 59345.11 | I38: =I36/I37*1000 -> 71507.3 | J38: =J36/J37*1000 -> 73794.51 | ... O38: =O36/O37*1000 -> 119937.71
A39: Source: Directorate of Economics & Statistics of respective State Governments.

Sheet NSVA_const
A1: State : | B1: Manipur
A2: Net State Value Added by economic activity at constant (2011-12) prices | I2: =[1]GSVA_cur!$I$3 -> 01.08.2025
F4: (Rs. in lakh)
A5: S.No. | B5: Item | C5: 2011-12 | D5: 2012-13 | E5: 2013-14 | F5: 2014-15 | G5: 2015-16 | H5: 2016-17 | I5: 2017-18 | J5: 2018-19 | K5: 2019-20 | L5: 2020-21 | M5: 2021-22 | N5: 2022-23 | O5: 2023-24
A6: 1. | B6: Agriculture, forestry and fishing | C6: =C7+C8+C9+C10 -> 230736.58 | D6: =D7+D8+D9+D10 -> 253024.26 | E6: =E7+E8+E9+E10 -> 263921.23 | F6: =F7+F8+F9+F10 -> 269800 | G6: =G7+G8+G9+G10 -> 247713 | H6: =H7+H8+H9+H10 -> 263369 | I6: =I7+I8+I9+I10 -> 400663 | J6: =J7+J8+J9+J10 -> 384119 | ... O6: =O7+O8+O9+O10 -> 329987
A7: 1.1 | B7: Crops | C7: 120336.58 | D7: 140047.26 | E7: 147174.15 | F7: 155764 | G7: 130841 | H7: 119341 | I7: 244531 | J7: 243709 | K7: 229677 | L7: 233738 | M7: 254792 | N7: 204867 | O7: 201133
A8: 1.2 | B8: Livestock | C8: 51840 | D8: 53514 | E8: 55075.72 | F8: 55259 | G8: 56157 | H8: 58122 | I8: 62004 | J8: 56632 | K8: 59122 | L8: 56655 | M8: 57639 | N8: 53783 | O8: 56383
A9: 1.3 | B9: Forestry and logging | C9: 41722 | D9: 39986 | E9: 38565 | F9: 35815 | G9: 36472 | H9: 61452 | I9: 69795 | J9: 59260 | K9: 57765 | L9: 39062 | M9: 38497 | N9: 38188 | O9: 42684
A10: 1.4 | B10: Fishing and aquaculture | C10: 16838 | D10: 19477 | E10: 23106.36 | F10: 22962 | G10: 24243 | H10: 24454 | I10: 24333 | J10: 24518 | K10: 23329 | L10: 25539 | M10: 27665 | N10: 28734 | O10: 29787
A11: 2. | B11: Mining and quarrying | C11: 0 | D11: 0 | E11: 0 | F11: 0 | G11: 0 | H11: 0 | I11: 0 | J11: 0 | K11: 0 | L11: 0 | M11: 0
B12: Primary | C12: =C6+C11 -> 230736.58 | D12: =D6+D11 -> 253024.26 | E12: =E6+E11 -> 263921.23 | F12: =F6+F11 -> 269800 | G12: =G6+G11 -> 247713 | H12: =H6+H11 -> 263369 | I12: =I6+I11 -> 400663 | J12: =J6+J11 -> 384119 | ... O12: =O6+O11 -> 329987
A13: 3. | B13: Manufacturing | C13: 32858 | D13: 20586 | E13: 32505 | F13: 31471 | G13: 43071 | H13: 44922 | I13: 43107 | J13: 41394 | K13: 25489 | L13: 26763 | M13: 28293 | N13: 24679 | O13: 28771
A14: 4. | B14: Electricity, gas, water supply & other utility services | C14: 39708 | D14: 41338 | E14: 38880 | F14: 34424 | G14: 36493 | H14: 46667 | I14: 45193 | J14: 21068 | K14: 20514 | L14: 20853 | M14: 20182 | N14: 19282 | O14: 22646
A15: 5. | B15: Construction | C15: 95958 | D15: 93671 | E15: 104639 | F15: 162372 | G15: 187366 | H15: 156016 | I15: 164880 | J15: 98007 | K15: 117319 | L15: 86208 | M15: 118227 | N15: 126179 | O15: 145399
B16: Secondary | C16: =+C13+C14+C15 -> 168524 | D16: =+D13+D14+D15 -> 155595 | E16: =+E13+E14+E15 -> 176024 | F16: =+F13+F14+F15 -> 228267 | G16: =+G13+G14+G15 -> 266930 | H16: =+H13+H14+H15 -> 247605 | I16: =+I13+I14+I15 -> 253180 | J16: =+J13+J14+J15 -> 160469 | ... O16: =+O13+O14+O15 -> 196816
A17: 6. | B17: Trade, repair, hotels and restaurants | C17: =C18+C19 -> 153265 | D17: =D18+D19 -> 127182 | E17: =E18+E19 -> 186190 | F17: =F18+F19 -> 198985 | G17: =G18+G19 -> 228714 | H17: =H18+H19 -> 246562 | I17: =I18+I19 -> 275209 | J17: =J18+J19 -> 295389 | ... O17: =O18+O19 -> 317989
A18: 6.1 | B18: Trade & repair services | C18: 146414 | D18: 120199 | E18: 179150 | F18: 191851 | G18: 220767 | H18: 238022 | I18: 265640 | J18: 285317 | K18: 302521 | L18: 234177 | M18: 260436 | N18: 286305 | O18: 304663
A19: 6.2 | B19: Hotels & restaurants | C19: 6851 | D19: 6983 | E19: 7040 | F19: 7134 | G19: 7947 | H19: 8540 | I19: 9569 | J19: 10072 | K19: 10897 | L19: 4314 | M19: 6028 | N19: 11235 | O19: 13326
A20: 7. | B20: Transport, storage, communication & services related to broadcasting | C20: =SUM(C21:C27) -> 59876 | D20: =SUM(D21:D27) -> 69228 | E20: =SUM(E21:E27) -> 70691 | F20: =SUM(F21:F27) -> 79275 | G20: =SUM(G21:G27) -> 89735 | H20: =SUM(H21:H27) -> 100557 | I20: =SUM(I21:I27) -> 101429 | J20: =SUM(J21:J27) -> 98150 | ... O20: =SUM(O21:O27) -> 131644
A21: 7.1 | B21: Railways | C21: 1 | D21: 2 | E21: 3 | F21: 2 | G21: 3 | H21: 2 | I21: 1 | J21: 2 | K21: 15 | L21: 31 | M21: 7 | N21: 6 | O21: 60
A22: 7.2 | B22: Road transport | C22: 37865 | D22: 43543 | E22: 44698 | F22: 47510 | G22: 49774 | H22: 56785 | I22: 60460 | J22: 63438 | K22: 67669 | L22: 73424 | M22: 75270 | N22: 80674 | O22: 81522
A23: 7.3 | B23: Water transport | C23: 0 | D23: 0 | E23: 0 | F23: 0 | G23: 0 | H23: 0 | I23: 0 | J23: 0 | K23: 0 | L23: 0 | M23: 0 | N23: 0 | O23: 0
A24: 7.4 | B24: Air transport | C24: 1738 | D24: 2841 | E24: 981 | F24: 1991 | G24: 4673 | H24: 5017 | I24: 4742 | J24: 2351 | K24: 3384 | L24: -175 | M24: -486 | N24: 906 | O24: 3343
A25: 7.5 | B25: Services incidental to transport | C25: 1578 | D25: 1815 | E25: 1810 | F25: 1975 | G25: 2065 | H25: 7346 | I25: 7511 | J25: 7432 | K25: 7509 | L25: 4582 | M25: 5331 | N25: 8815 | O25: 12159
A26: 7.6 | B26: Storage | C26: 0 | D26: 0 | E26: 0 | F26: 0 | G26: 0 | H26: 0 | I26: 0 | J26: 0 | K26: 0 | L26: 0 | M26: 0 | N26: 0 | O26: 0
A27: 7.7 | B27: Communication & services related to broadcasting | C27: 18694 | D27: 21027 | E27: 23199 | F27: 27797 | G27: 33220 | H27: 31407 | I27: 28715 | J27: 24927 | K27: 27834 | L27: 25990 | M27: 27301 | N27: 31304 | O27: 34560
A28: 8. | B28: Financial services | C28: 23030 | D28: 24484 | E28: 26801 | F28: 27825 | G28: 34431 | H28: 35045 | I28: 36825 | J28: 45539 | K28: 51499 | L28: 52852 | M28: 54688 | N28: 61227 | O28: 112618
A29: 9. | B29: Real estate, ownership of dwelling & professional services | C29: 117031 | D29: 116631 | E29: 114708 | F29: 114707 | G29: 108656 | H29: 103464 | I29: 98940 | J29: 96099 | K29: 91985 | L29: 87212 | M29: 92282 | N29: 96144 | O29: 100465
A30: 10. | B30: Public administration | C30: 178868 | D30: 181533 | E30: 165299 | F30: 180095 | G30: 219093 | H30: 203309 | I30: 191597 | J30: 191596 | K30: 201777 | L30: 221258 | M30: 243061 | N30: 268026 | O30: 299841
A31: 11. | B31: Other services | C31: 200228 | D31: 222114 | E31: 218726 | F31: 240611 | G31: 223725 | H31: 246294 | I31: 269643 | J31: 266287 | K31: 297683 | L31: 273528 | M31: 326564 | N31: 387272 | O31: 408162
B32: Tertiary | C32: =C17+C20+C28+C29+C30+C31 -> 732298 | D32: =D17+D20+D28+D29+D30+D31 -> 741172 | E32: =E17+E20+E28+E29+E30+E31 -> 782415 | F32: =F17+F20+F28+F29+F30+F31 -> 841498 | G32: =G17+G20+G28+G29+G30+G31 -> 904354 | H32: =H17+H20+H28+H29+H30+H31 -> 935231 | I32: =I17+I20+I28+I29+I30+I31 -> 973643 | J32: =J17+J20+J28+J29+J30+J31 -> 993060 | ... O32: =O17+O20+O28+O29+O30+O31 -> 1370719
A33: 12. | B33: TOTAL NSVA at basic prices | C33: =C6+C11+C13+C14+C15+C17+C20+C28+C29+C30+C31 -> 1131558.6 | D33: =D6+D11+D13+D14+D15+D17+D20+D28+D29+D30+D31 -> 1149791.3 | E33: =E6+E11+E13+E14+E15+E17+E20+E28+E29+E30+E31 -> 1222360.2 | F33: =F6+F11+F13+F14+F15+F17+F20+F28+F29+F30+F31 -> 1339565 | G33: =G6+G11+G13+G14+G15+G17+G20+G28+G29+G30+G31 -> 1418997 | H33: =H6+H11+H13+H14+H15+H17+H20+H28+H29+H30+H31 -> 1446205 | I33: =I6+I11+I13+I14+I15+I17+I20+I28+I29+I30+I31 -> 1627486 | J33: =J6+J11+J13+J14+J15+J17+J20+J28+J29+J30+J31 -> 1537648 | ... O33: =O6+O11+O13+O14+O15+O17+O20+O28+O29+O30+O31 -> 1897522
A34: 13. | B34: Taxes on Products | C34: =GSVA_const!C34 -> 48918 | D34: =GSVA_const!D34 -> 42553 | E34: =GSVA_const!E34 -> 66521 | F34: =GSVA_const!F34 -> 63808 | G34: =GSVA_const!G34 -> 86905 | H34: =GSVA_const!H34 -> 98110 | I34: =GSVA_const!I34 -> 80121 | J34: =GSVA_const!J34 -> 103894 | ... O34: =GSVA_const!O34 -> 131031
A35: 14. | B35: Subsidies on products | C35: =GSVA_const!C35 -> 30370 | D35: =GSVA_const!D35 -> 40837 | E35: =GSVA_const!E35 -> 36935 | F35: =GSVA_const!F35 -> 41856 | G35: =GSVA_const!G35 -> 42386 | H35: =GSVA_const!H35 -> 24220 | I35: =GSVA_const!I35 -> 20571 | J35: =GSVA_const!J35 -> 22246 | ... O35: =GSVA_const!O35 -> 51477
A36: 15. | B36: Net State Domestic Product | C36: =C33+C34-C35 -> 1150106.6 | D36: =D33+D34-D35 -> 1151507.3 | E36: =E33+E34-E35 -> 1251946.2 | F36: =F33+F34-F35 -> 1361517 | G36: =G33+G34-G35 -> 1463516 | H36: =H33+H34-H35 -> 1520095 | I36: =I33+I34-I35 -> 1687036 | J36: =J33+J34-J35 -> 1619296 | ... O36: =O33+O34-O35 -> 1977076
A37: 16. | B37: Population ('00) | C37: =GSVA_cur!C37 -> 28925 | D37: =GSVA_cur!D37 -> 29561 | E37: =GSVA_cur!E37 -> 30210 | F37: =GSVA_cur!F37 -> 30873 | G37: =GSVA_cur!G37 -> 31549 | H37: =GSVA_cur!H37 -> 32239 | I37: =GSVA_cur!I37 -> 32943 | J37: =GSVA_cur!J37 -> 33661 | ... O37: =GSVA_cur!O37 -> 32380
A38: 17. | B38: Per Capita NSDP (Rs.) | C38: =C36/C37*1000 -> 39761.68 | D38: =D36/D37*1000 -> 38953.596 | E38: =E36/E37*1000 -> 41441.451 | F38: =F36/F37*1000 -> 44100.573 | G38: =G36/G37*1000 -> 46388.665 | H38: =H36/H37*1000 -> 47150.811 | I38: =I36/I37*1000 -> 51210.758 | J38: =J36/J37*1000 -> 48105.998 | ... O38: =O36/O37*1000 -> 61058.555
A39: Source: Directorate of Economics & Statistics of respective State Governments.
