Workbook

Sheet GSVA_cur
A1: State : | B1: Puducherry
A2: Gross State Value Added by economic activity at current prices | I2: =[1]GSVA_cur!$I$3 -> 01.08.2025
F4: (Rs. in lakh)
A5: S.No. | B5: Item | C5: 2011-12 | D5: 2012-13 | E5: 2013-14 | F5: 2014-15 | G5: 2015-16 | H5: 2016-17 | I5: 2017-18 | J5: 2018-19 | K5: 2019-20 | L5: 2020-21 | M5: 2021-22 | N5: 2022-23 | O5: 2023-24 | P5: 2024-25
A6: 1. | B6: Agriculture, forestry and fishing | C6: =SUM(C7:C10) -> 75378 | D6: =SUM(D7:D10) -> 90421 | E6: =SUM(E7:E10) -> 97627 | F6: =SUM(F7:F10) -> 114680.32 | G6: =SUM(G7:G10) -> 120037.87 | H6: =SUM(H7:H10) -> 128811.52 | I6: =SUM(I7:I10) -> 132105.02 | J6: =SUM(J7:J10) -> 146330.01 | ... P6: =SUM(P7:P10) -> 230281.13
A7: 1.1 | B7: Crops | C7: 20453 | D7: 30492 | E7: 32407 | F7: 40210.179 | G7: 37944.765 | H7: 39340.893 | I7: 43047.285 | J7: 49079.066 | K7: 55577.447 | L7: 48946.825 | M7: 49984.988 | N7: 39423.947 | O7: 52209.509 | P7: 69213.352
A8: 1.2 | B8: Livestock | C8: 32214 | D8: 36707 | E8: 39975 | F8: 45630.751 | G8: 48411.688 | H8: 51499.238 | I8: 54144.073 | J8: 55677.267 | K8: 55967.994 | L8: 63857.733 | M8: 68696.468 | N8: 73821.105 | O8: 76150.58 | P8: 78546.222
A9: 1.3 | B9: Forestry and logging | C9: 3319 | D9: 3388 | E9: 3331 | F9: 4174.8577 | G9: 4245.1968 | H9: 8330.3212 | I9: 6136.5444 | J9: 6774.9226 | K9: 6854.7672 | L9: 6846.1494 | M9: 7051.0522 | N9: 7831.332 | O9: 8176.3067 | P9: 8535.9258
A10: 1.4 | B10: Fishing and aquaculture | C10: 19392 | D10: 19834 | E10: 21914 | F10: 24664.533 | G10: 29436.221 | H10: 29641.071 | I10: 28777.122 | J10: 34798.753 | K10: 39675.243 | L10: 34072.402 | M10: 35797.188 | N10: 32770.278 | O10: 49239.776 | P10: 73985.626
A11: 2. | B11: Mining and quarrying | C11: 25362 | D11: 36566 | E11: 43924 | F11: 33312.659 | G11: 38307.724 | H11: 52437.458 | I11: 67493.419 | J11: 55014.369 | K11: 53912.986 | L11: 47775.961 | M11: 51194.531 | N11: 46713.438 | O11: 41891.769 | P11: 37534.165
B12: Primary | C12: =C6+C11 -> 100740 | D12: =D6+D11 -> 126987 | E12: =E6+E11 -> 141551 | F12: =F6+F11 -> 147992.98 | G12: =G6+G11 -> 158345.6 | H12: =H6+H11 -> 181248.98 | I12: =I6+I11 -> 199598.44 | J12: =J6+J11 -> 201344.38 | ... P12: =P6+P11 -> 267815.29
A13: 3. | B13: Manufacturing | C13: 427827 | D13: 437890 | E13: 580331 | F13: 472372.68 | G13: 707212.54 | H13: 769595.81 | I13: 807417.67 | J13: 929672.5 | K13: 936496.02 | L13: 1049780.1 | M13: 909066.42 | N13: 852646.39 | O13: 943675.52 | P13: 1038043.1
A14: 4. | B14: Electricity, gas, water supply & other utility services | C14: 22711 | D14: 26802 | E14: 29739 | F14: 51148.154 | G14: 21461.315 | H14: 25897.972 | I14: 30787.371 | J14: 44305.324 | K14: 50431.574 | L14: 46336.627 | M14: 49593.972 | N14: 50014.132 | O14: 53008.642 | P14: 55221.132
A15: 5. | B15: Construction | C15: 244130 | D15: 245390 | E15: 297167 | F15: 319326.19 | G15: 325189.12 | H15: 358939.08 | I15: 395582.73 | J15: 447810.94 | K15: 451182.14 | L15: 432399.76 | M15: 580239.92 | N15: 617238.78 | O15: 678714.22 | P15: 744379.82
B16: Secondary | C16: =+C13+C14+C15 -> 694668 | D16: =+D13+D14+D15 -> 710082 | E16: =+E13+E14+E15 -> 907237 | F16: =+F13+F14+F15 -> 842847.02 | G16: =+G13+G14+G15 -> 1053863 | H16: =+H13+H14+H15 -> 1154432.9 | I16: =+I13+I14+I15 -> 1233787.8 | J16: =+J13+J14+J15 -> 1421788.8 | ... P16: =+P13+P14+P15 -> 1837644
A17: 6. | B17: Trade, repair, hotels and restaurants | C17: =C18+C19 -> 147477 | D17: =D18+D19 -> 188941 | E17: =E18+E19 -> 190310 | F17: =F18+F19 -> 202934.24 | G17: =G18+G19 -> 224168.63 | H17: =H18+H19 -> 249619.55 | I17: =I18+I19 -> 279204.72 | J17: =J18+J19 -> 323369.85 | ... P17: =P18+P19 -> 481495.7
A18: 6.1 | B18: Trade & repair services | C18: 127194 | D18: 166686 | E18: 166269 | F18: 177530.24 | G18: 196346.17 | H18: 219037.96 | I18: 245426.16 | J18: 284502.33 | K18: 304018.93 | L18: 246500.9 | M18: 301586.97 | N18: 352731.35 | O18: 375659.89 | P18: 400935.38
A19: 6.2 | B19: Hotels & restaurants | C19: 20283 | D19: 22255 | E19: 24041 | F19: 25403.997 | G19: 27822.458 | H19: 30581.592 | I19: 33778.552 | J19: 38867.52 | K19: 42042.27 | L19: 22079.2 | M19: 33542.038 | N19: 58622.371 | O19: 68690.435 | P19: 80560.325
A20: 7. | B20: Transport, storage, communication & services related to broadcasting | C20: =SUM(C21:C27) -> 67419 | D20: =SUM(D21:D27) -> 76048 | E20: =SUM(E21:E27) -> 83063 | F20: =SUM(F21:F27) -> 86773.634 | G20: =SUM(G21:G27) -> 92789.601 | H20: =SUM(H21:H27) -> 104378.28 | I20: =SUM(I21:I27) -> 108985.17 | J20: =SUM(J21:J27) -> 122867.07 | ... P20: =SUM(P21:P27) -> 180440.21
A21: 7.1 | B21: Railways | C21: 200 | D21: 203 | E21: 226 | F21: 270 | G21: 307.6713 | H21: 337 | I21: 430 | J21: 415 | K21: 454 | L21: 114 | M21: 242 | N21: 304 | O21: 325 | P21: 347.45066
A22: 7.2 | B22: Road transport | C22: 41200 | D22: 47180 | E22: 49118 | F22: 49858 | G22: 51580.999 | H22: 57231.318 | I22: 61051.021 | J22: 71747.779 | K22: 71459.647 | L22: 52368.578 | M22: 78086.25 | N22: 80709.466 | O22: 82365.741 | P22: 84140.353
A23: 7.3 | B23: Water transport | C23: 3968 | D23: 3989 | E23: 3161 | F23: 2630 | G23: 2352.1188 | H23: 5745.7318 | I23: 5389.2608 | J23: 6987.11 | K23: 8144.8482 | L23: 6411.9791 | M23: 6691.8021 | N23: 12374.285 | O23: 14502.133 | P23: 17012.935
A24: 7.4 | B24: Air transport | C24: 0 | D24: 0 | E24: 0 | F24: 0 | G24: 0 | H24: 0 | I24: 253.2992 | J24: 320.8166 | K24: 449.9209 | L24: 1.9593519 | M24: 5.9553455 | N24: 420.58312 | O24: 399.65359 | P24: 380.14667
A25: 7.5 | B25: Services incidental to transport | C25: 689 | D25: 793 | E25: 949 | F25: 500 | G25: 549.0906 | H25: 2487.9749 | I25: 2501.4528 | J25: 867.9762 | K25: 2983.0642 | L25: 1395.0585 | M25: 1168.549 | N25: 2395.8985 | O25: 2725.6933 | P25: 3103.996
A26: 7.6 | B26: Storage | C26: 51 | D26: 45 | E26: 29 | F26: 30.6342 | G26: 30.721 | H26: 181.6178 | I26: 18.9715 | J26: 61.955001 | K26: 61.972725 | L26: 13.974125 | M26: 20.932818 | N26: 52.670798 | O26: 35.161186 | P26: 23.461985
A27: 7.7 | B27: Communication & services related to broadcasting | C27: 21311 | D27: 23838 | E27: 29580 | F27: 33485 | G27: 37969 | H27: 38394.634 | I27: 39341.16 | J27: 42466.435 | K27: 48268 | L27: 48171.318 | M27: 56644.944 | N27: 64412.514 | O27: 69704.779 | P27: 75431.868
A28: 8. | B28: Financial services | C28: 59157 | D28: 63963 | E28: 68944 | F28: 73148 | G28: 83634 | H28: 87792 | I28: 101399 | J28: 97888 | K28: 111402 | L28: 122248 | M28: 127453 | N28: 151297.18 | O28: 161761.62 | P28: 172949.83
A29: 9. | B29: Real estate, ownership of dwelling & professional services | C29: 144860 | D29: 170936 | E29: 206980 | F29: 239927.74 | G29: 272710.84 | H29: 313278.85 | I29: 342331.63 | J29: 374182.26 | K29: 407793.97 | L29: 408243.96 | M29: 460241.3 | N29: 504924.26 | O29: 537298.98 | P29: 571697.19
A30: 10. | B30: Public administration | C30: 80270 | D30: 87479 | E30: 74652 | F30: 97623 | G30: 108140 | H30: 112035 | I30: 112625 | J30: 126552 | K30: 129203 | L30: 144649 | M30: 149550.37 | N30: 157060.57 | O30: 171060.4 | P30: 186308.14
A31: 11. | B31: Other services | C31: 186610 | D31: 222709 | E31: 246164 | F31: 288126.67 | G31: 323953.15 | H31: 371352.38 | I31: 420993.56 | J31: 455281.93 | K31: 524460.32 | L31: 487451.67 | M31: 589898.46 | N31: 688144.66 | O31: 803703.25 | P31: 939125.72
B32: Tertiary | C32: =C17+C20+C28+C29+C30+C31 -> 685793 | D32: =D17+D20+D28+D29+D30+D31 -> 810076 | E32: =E17+E20+E28+E29+E30+E31 -> 870113 | F32: =F17+F20+F28+F29+F30+F31 -> 988533.28 | G32: =G17+G20+G28+G29+G30+G31 -> 1105396.2 | H32: =H17+H20+H28+H29+H30+H31 -> 1238456.1 | I32: =I17+I20+I28+I29+I30+I31 -> 1365539.1 | J32: =J17+J20+J28+J29+J30+J31 -> 1500141.1 | ... P32: =P17+P20+P28+P29+P30+P31 -> 2532016.8
A33: 12. | B33: TOTAL GSVA at basic prices | C33: =C6+C11+C13+C14+C15+C17+C20+C28+C29+C30+C31 -> 1481201 | D33: =D6+D11+D13+D14+D15+D17+D20+D28+D29+D30+D31 -> 1647145 | E33: =E6+E11+E13+E14+E15+E17+E20+E28+E29+E30+E31 -> 1918901 | F33: =F6+F11+F13+F14+F15+F17+F20+F28+F29+F30+F31 -> 1979373.3 | G33: =G6+G11+G13+G14+G15+G17+G20+G28+G29+G30+G31 -> 2317604.8 | H33: =H6+H11+H13+H14+H15+H17+H20+H28+H29+H30+H31 -> 2574137.9 | I33: =I6+I11+I13+I14+I15+I17+I20+I28+I29+I30+I31 -> 2798925.3 | J33: =J6+J11+J13+J14+J15+J17+J20+J28+J29+J30+J31 -> 3123274.2 | ... P33: =P6+P11+P13+P14+P15+P17+P20+P28+P29+P30+P31 -> 4637476.1
A34: 13. | B34: Taxes on Products | C34: 249800 | D34: 297500 | E34: 321410 | F34: 318095 | G34: 365547 | H34: 402401 | I34: 435513 | J34: 315418 | K34: 426864 | L34: 378301 | M34: 569486 | N34: 477612 | O34: 537122 | P34: 620719
A35: 14. | B35: Subsidies on products | C35: 49200 | D35: 57100 | E35: 53299 | F35: 40072 | G35: 21498 | H35: 19273 | I35: 21558 | J35: 21620 | K35: 27830 | L35: 30008 | M35: 35951 | N35: 39992 | O35: 33923 | P35: 41928
A36: 15. | B36: Gross State Domestic Product | C36: =C33+C34-C35 -> 1681801 | D36: =D33+D34-D35 -> 1887545 | E36: =E33+E34-E35 -> 2187012 | F36: =F33+F34-F35 -> 2257396.3 | G36: =G33+G34-G35 -> 2661653.8 | H36: =H33+H34-H35 -> 2957265.9 | I36: =I33+I34-I35 -> 3212880.3 | J36: =J33+J34-J35 -> 3417072.2 | ... P36: =P33+P34-P35 -> 5216267.1
A37: 16. | B37: Population ('00) | C37: 12670 | D37: 13010 | E37: 13350 | F37: 13710 | G37: 14070 | H37: 14450 | I37: 14840 | J37: 15240 | K37: 15390 | L37: 15570 | M37: 15930 | N37: 16300 | O37: 16670 | P37: 17040
A38: 17. | B38: Per Capita GSDP (Rs.) | C38: =C36/C37*1000 -> 132738.83 | D38: =D36/D37*1000 -> 145084.17 | E38: =E36/E37*1000 -> 163821.12 | F38: =F36/F37*1000 -> 164653.27 | G38: =G36/G37*1000 -> 189172.27 | H38: =H36/H37*1000 -> 204655.08 | I38: =I36/I37*1000 -> 216501.37 | J38: =J36/J37*1000 -> 224217.34 | ... P38: =P36/P37*1000 -> 306118.96
A39: Source: Directorate of Economics & Statistics of respective State Governments.

Sheet GSVA_const
A1: State : | B1: Puducherry
A2: Gross State Value Added by economic activity at constant (2011-12) prices | I2: =[1]GSVA_cur!$I$3 -> 01.08.2025
F4: (Rs. in lakh)
A5: S.No. | B5: Item | C5: 2011-12 | D5: 2012-13 | E5: 2013-14 | F5: 2014-15 | G5: 2015-16 | H5: 2016-17 | I5: 2017-18 | J5: 2018-19 | K5: 2019-20 | L5: 2020-21 | M5: 2021-22 | N5: 2022-23 | O5: 2023-24 | P5: 2024-25
A6: 1. | B6: Agriculture, forestry and fishing | C6: =SUM(C7:C10) -> 75378 | D6: =SUM(D7:D10) -> 79263 | E6: =SUM(E7:E10) -> 80607 | F6: =SUM(F7:F10) -> 89146.734 | G6: =SUM(G7:G10) -> 83166.328 | H6: =SUM(H7:H10) -> 83802.801 | I6: =SUM(I7:I10) -> 89387.336 | J6: =SUM(J7:J10) -> 91601.612 | ... P6: =SUM(P7:P10) -> 103294.94
A7: 1.1 | B7: Crops | C7: 20453 | D7: 23323 | E7: 23707 | F7: 27093 | G7: 21441.433 | H7: 20948.632 | I7: 21645.379 | J7: 23433.392 | K7: 23585.533 | L7: 21754.97 | M7: 31062.94 | N7: 23196.138 | O7: 23559.282 | P7: 23776.191
A8: 1.2 | B8: Livestock | C8: 32214 | D8: 33368 | E8: 33991 | F8: 36395 | G8: 34713.599 | H8: 35403.746 | I8: 37118.126 | J8: 35596.235 | K8: 35601.241 | L8: 35526.606 | M8: 35655.352 | N8: 45540.137 | O8: 47458.896 | P8: 49452.912
A9: 1.3 | B9: Forestry and logging | C9: 3319 | D9: 3082 | E9: 2879 | F9: 2899 | G9: 2600.9122 | H9: 3998.0051 | I9: 3928.8211 | J9: 3917.6519 | K9: 4081.2727 | L9: 4299.824 | M9: 4428.5024 | N9: 4979.928 | O9: 5599.5515 | P9: 6295.758
A10: 1.4 | B10: Fishing and aquaculture | C10: 19392 | D10: 19490 | E10: 20030 | F10: 22759.734 | G10: 24410.384 | H10: 23452.418 | I10: 26695.01 | J10: 28654.334 | K10: 26719.641 | L10: 23412.78 | M10: 24420.202 | N10: 22249.903 | O10: 22008.722 | P10: 23770.079
A11: 2. | B11: Mining and quarrying | C11: 25362 | D11: 33443 | E11: 25097 | F11: 29144 | G11: 31891.289 | H11: 41796.845 | I11: 53810.816 | J11: 50409.931 | K11: 51171.305 | L11: 46371.223 | M11: 49671.136 | N11: 45361.523 | O11: 40672.618 | P11: 36441.837
B12: Primary | C12: =C6+C11 -> 100740 | D12: =D6+D11 -> 112706 | E12: =E6+E11 -> 105704 | F12: =F6+F11 -> 118290.73 | G12: =G6+G11 -> 115057.62 | H12: =H6+H11 -> 125599.65 | I12: =I6+I11 -> 143198.15 | J12: =J6+J11 -> 142011.54 | ... P12: =P6+P11 -> 139736.78
A13: 3. | B13: Manufacturing | C13: 427827 | D13: 415760 | E13: 543613 | F13: 418220 | G13: 485687.85 | H13: 509426.76 | I13: 557856.59 | J13: 983956.83 | K13: 859318.35 | L13: 861034.52 | M13: 658695.51 | N13: 554150.89 | O13: 608369.91 | P13: 662857.57
A14: 4. | B14: Electricity, gas, water supply & other utility services | C14: 22711 | D14: 24241 | E14: 26536 | F14: 20532 | G14: 19931.469 | H14: 22691.094 | I14: 24606 | J14: 24001.177 | K14: 26310.714 | L14: 25500.791 | M14: 28088.877 | N14: 29053.535 | O14: 31658.318 | P14: 33672.55
A15: 5. | B15: Construction | C15: 244130 | D15: 219651 | E15: 264719 | F15: 230941 | G15: 232623.5 | H15: 252052.3 | I15: 296621.56 | J15: 313715.85 | K15: 344904.66 | L15: 291654.85 | M15: 352252.88 | N15: 492464.01 | O15: 547517.32 | P15: 607089.05
B16: Secondary | C16: =+C13+C14+C15 -> 694668 | D16: =+D13+D14+D15 -> 659652 | E16: =+E13+E14+E15 -> 834868 | F16: =+F13+F14+F15 -> 669693 | G16: =+G13+G14+G15 -> 738242.83 | H16: =+H13+H14+H15 -> 784170.15 | I16: =+I13+I14+I15 -> 879084.15 | J16: =+J13+J14+J15 -> 1321673.9 | ... P16: =+P13+P14+P15 -> 1303619.2
A17: 6. | B17: Trade, repair, hotels and restaurants | C17: =C18+C19 -> 147477 | D17: =D18+D19 -> 174572 | E17: =E18+E19 -> 165482 | F17: =F18+F19 -> 174562 | G17: =G18+G19 -> 155361.69 | H17: =H18+H19 -> 157358.1 | I17: =I18+I19 -> 160976.93 | J17: =J18+J19 -> 170228.06 | ... P17: =P18+P19 -> 145485.59
A18: 6.1 | B18: Trade & repair services | C18: 127194 | D18: 154007 | E18: 144685 | F18: 152733 | G18: 136159.69 | H18: 138209.02 | I18: 141577.02 | J18: 149904.9 | K18: 146201.5 | L18: 107053.63 | M18: 120144.45 | N18: 128646.15 | O18: 124830.6 | P18: 121403.79
A19: 6.2 | B19: Hotels & restaurants | C19: 20283 | D19: 20565 | E19: 20797 | F19: 21829 | G19: 19202 | H19: 19149.079 | I19: 19399.916 | J19: 20323.159 | K19: 20039.572 | L19: 9357.0304 | M19: 13107.827 | N19: 21166.223 | O19: 22584.28 | P19: 24081.806
A20: 7. | B20: Transport, storage, communication & services related to broadcasting | C20: =SUM(C21:C27) -> 67419 | D20: =SUM(D21:D27) -> 70566 | E20: =SUM(E21:E27) -> 73995 | F20: =SUM(F21:F27) -> 76307.513 | G20: =SUM(G21:G27) -> 81108.421 | H20: =SUM(H21:H27) -> 88652.182 | I20: =SUM(I21:I27) -> 88461.321 | J20: =SUM(J21:J27) -> 86773.077 | ... P20: =SUM(P21:P27) -> 104356.21
A21: 7.1 | B21: Railways | C21: 200 | D21: 194 | E21: 209 | F21: 225 | G21: 263 | H21: 287 | I21: 324 | J21: 307 | K21: 276 | L21: 58 | M21: 168 | N21: 175 | O21: 185 | P21: 195.57143
A22: 7.2 | B22: Road transport | C22: 41200 | D22: 43633 | E22: 43689 | F22: 43679 | G22: 45158.267 | H22: 48740.803 | I22: 49568.537 | J22: 50558.102 | K22: 49757.201 | L22: 33506.305 | M22: 46496.215 | N22: 46615.418 | O22: 46866.797 | P22: 47148.391
A23: 7.3 | B23: Water transport | C23: 3968 | D23: 3688 | E23: 2805 | F23: 2304 | G23: 2058.9095 | H23: 4893.1979 | I23: 4376.1338 | J23: 4923.3 | K23: 5670.8683 | L23: 4102.4146 | M23: 3984.7999 | N23: 7146.7481 | O23: 8252.0258 | P23: 9534.0758
A24: 7.4 | B24: Air transport | C24: 0 | D24: 0 | E24: 0 | F24: 0 | G24: 0 | H24: 0 | I24: 205.71624 | J24: 225.74364 | K24: 313.51941 | L24: 0.97583601 | M24: 3.9326917 | N24: 243.56102 | O24: 227.64209 | P24: 212.89393
A25: 7.5 | B25: Services incidental to transport | C25: 689 | D25: 733 | E25: 843 | F25: 439 | G25: 480.50862 | H25: 2118.9088 | I25: 2030.5713 | J25: 611.48432 | K25: 2076.6975 | L25: 875.3249 | M25: 696.08644 | N25: 1383.7801 | O25: 1551.3024 | P25: 1740.1702
A26: 7.6 | B26: Storage | C26: 51 | D26: 42 | E26: 26 | F26: 24.513043 | G26: 26.735745 | H26: 154.64018 | I26: 14.974712 | J26: 43.963049 | K26: 42.9789 | L26: 8.9802486 | M26: 12.952396 | N26: 30.911322 | O26: 19.951996 | P26: 12.871195
A27: 7.7 | B27: Communication & services related to broadcasting | C27: 21311 | D27: 22276 | E27: 26423 | F27: 29636 | G27: 33121 | H27: 32457.632 | I27: 31941.389 | J27: 30103.483 | K27: 34064 | L27: 30853.658 | M27: 33820 | N27: 40634 | O27: 43004 | P27: 45512.232
A28: 8. | B28: Financial services | C28: 59157 | D28: 62692 | E28: 63110 | F28: 66068 | G28: 77474 | H28: 81575 | I28: 87316 | J28: 78804 | K28: 85049 | L28: 92757 | M28: 81575 | N28: 94086 | O28: 98570 | P28: 103267.7
A29: 9. | B29: Real estate, ownership of dwelling & professional services | C29: 144860 | D29: 150759 | E29: 166444 | F29: 178021 | G29: 186507.99 | H29: 207133.2 | I29: 220582.12 | J29: 228979.02 | K29: 237594.04 | L29: 229780.03 | M29: 250552.29 | N29: 266660.37 | O29: 278706.44 | P29: 291225.72
A30: 10. | B30: Public administration | C30: 80270 | D30: 77618 | E30: 72843 | F30: 75714 | G30: 76913 | H30: 78687 | I30: 77309 | J30: 68811 | K30: 80101 | L30: 83641 | M30: 84654 | N30: 80755 | O30: 83542 | P30: 86425.184
A31: 11. | B31: Other services | C31: 186610 | D31: 200078 | E31: 202068 | F31: 222982 | G31: 228983.31 | H31: 259006.17 | I31: 287294 | J31: 298266.58 | K31: 323463.86 | L31: 279764.05 | M31: 320016.49 | N31: 351908.87 | O31: 390048.81 | P31: 432235.64
B32: Tertiary | C32: =C17+C20+C28+C29+C30+C31 -> 685793 | D32: =D17+D20+D28+D29+D30+D31 -> 736285 | E32: =E17+E20+E28+E29+E30+E31 -> 743942 | F32: =F17+F20+F28+F29+F30+F31 -> 793654.51 | G32: =G17+G20+G28+G29+G30+G31 -> 806348.41 | H32: =H17+H20+H28+H29+H30+H31 -> 872411.65 | I32: =I17+I20+I28+I29+I30+I31 -> 921939.38 | J32: =J17+J20+J28+J29+J30+J31 -> 931861.74 | ... P32: =P17+P20+P28+P29+P30+P31 -> 1162996
A33: 12. | B33: TOTAL GSVA at basic prices | C33: =C6+C11+C13+C14+C15+C17+C20+C28+C29+C30+C31 -> 1481201 | D33: =D6+D11+D13+D14+D15+D17+D20+D28+D29+D30+D31 -> 1508643 | E33: =E6+E11+E13+E14+E15+E17+E20+E28+E29+E30+E31 -> 1684514 | F33: =F6+F11+F13+F14+F15+F17+F20+F28+F29+F30+F31 -> 1581638.2 | G33: =G6+G11+G13+G14+G15+G17+G20+G28+G29+G30+G31 -> 1659648.9 | H33: =H6+H11+H13+H14+H15+H17+H20+H28+H29+H30+H31 -> 1782181.4 | I33: =I6+I11+I13+I14+I15+I17+I20+I28+I29+I30+I31 -> 1944221.7 | J33: =J6+J11+J13+J14+J15+J17+J20+J28+J29+J30+J31 -> 2395547.1 | ... P33: =P6+P11+P13+P14+P15+P17+P20+P28+P29+P30+P31 -> 2606352
A34: 13. | B34: Taxes on Products | C34: 249800 | D34: 275200 | E34: 278733 | F34: 273767 | G34: 261770 | H34: 278599 | I34: 302521 | J34: 241925 | K34: 304722 | L34: 252379 | M34: 342565 | N34: 284062 | O34: 310798 | P34: 348856
A35: 14. | B35: Subsidies on products | C35: 49200 | D35: 52800 | E35: 46222 | F35: 34740 | G35: 15395 | H35: 13343 | I35: 14975 | J35: 16583 | K35: 19867 | L35: 20019 | M35: 21626 | N35: 23785 | O35: 19629 | P35: 23564
A36: 15. | B36: Gross State Domestic Product | C36: =C33+C34-C35 -> 1681801 | D36: =D33+D34-D35 -> 1731043 | E36: =E33+E34-E35 -> 1917025 | F36: =F33+F34-F35 -> 1820665.2 | G36: =G33+G34-G35 -> 1906023.9 | H36: =H33+H34-H35 -> 2047437.4 | I36: =I33+I34-I35 -> 2231767.7 | J36: =J33+J34-J35 -> 2620889.1 | ... P36: =P33+P34-P35 -> 2931644
A37: 16. | B37: Population ('00) | C37: =GSVA_cur!C37 -> 12670 | D37: =GSVA_cur!D37 -> 13010 | E37: =GSVA_cur!E37 -> 13350 | F37: =GSVA_cur!F37 -> 13710 | G37: =GSVA_cur!G37 -> 14070 | H37: =GSVA_cur!H37 -> 14450 | I37: =GSVA_cur!I37 -> 14840 | J37: =GSVA_cur!J37 -> 15240 | ... P37: =GSVA_cur!P37 -> 17040
A38: 17. | B38: Per Capita GSDP (Rs.) | C38: =C36/C37*1000 -> 132738.83 | D38: =D36/D37*1000 -> 133054.8 | E38: =E36/E37*1000 -> 143597.38 | F38: =F36/F37*1000 -> 132798.34 | G38: =G36/G37*1000 -> 135467.22 | H38: =H36/H37*1000 -> 141691.17 | I38: =I36/I37*1000 -> 150388.66 | J38: =J36/J37*1000 -> 171974.35 | ... P38: =P36/P37*1000 -> 172044.84
A39: Source: Directorate of Economics & Statistics of respective State Governments.

Sheet NSVA_cur
A1: State : | B1: Puducherry
A2: Net State Value Added by economic activity at current prices | I2: =[1]GSVA_cur!$I$3 -> 01.08.2025
F4: (Rs. in lakh)
A5: S.No. | B5: Item | C5: 2011-12 | D5: 2012-13 | E5: 2013-14 | F5: 2014-15 | G5: 2015-16 | H5: 2016-17 | I5: 2017-18 | J5: 2018-19 | K5: 2019-20 | L5: 2020-21 | M5: 2021-22 | N5: 2022-23 | O5: 2023-24 | P5: 2024-25
A6: 1. | B6: Agriculture, forestry and fishing | C6: =SUM(C7:C10) -> 63293 | D6: =SUM(D7:D10) -> 76814 | E6: =SUM(E7:E10) -> 81804 | F6: =SUM(F7:F10) -> 96954.321 | G6: =SUM(G7:G10) -> 100882.6 | H6: =SUM(H7:H10) -> 108450.52 | I6: =SUM(I7:I10) -> 110829.02 | J6: =SUM(J7:J10) -> 123057.01 | ... P6: =SUM(P7:P10) -> 199604.73
A7: 1.1 | B7: Crops | C7: 11067 | D7: 19590 | E7: 19414 | F7: 25375.179 | G7: 21958.383 | H7: 21954.893 | I7: 24383.285 | J7: 28890.066 | K7: 33540.449 | L7: 24524.606 | M7: 22421.898 | N7: 10356.169 | O7: 20265.059 | P7: 42057.582
A8: 1.2 | B8: Livestock | C8: 31830 | D8: 36266 | E8: 39492 | F8: 45102.751 | G8: 47918.196 | H8: 51005.238 | I8: 53632.073 | J8: 55121.267 | K8: 55434.409 | L8: 63259.997 | M8: 67984.312 | N8: 73003.338 | O8: 75317.572 | P8: 77844.924
A9: 1.3 | B9: Forestry and logging | C9: 3283 | D9: 3350 | E9: 3293 | F9: 4133.8577 | G9: 4205.5128 | H9: 8265.3212 | I9: 6078.5444 | J9: 6712.9226 | K9: 6794.3075 | L9: 6781.7536 | M9: 6975.2913 | N9: 7748.1361 | O9: 8088.0962 | P9: 8458.5429
A10: 1.4 | B10: Fishing and aquaculture | C10: 17113 | D10: 17608 | E10: 19605 | F10: 22342.533 | G10: 26800.51 | H10: 27225.071 | I10: 26735.122 | J10: 32332.753 | K10: 36846.686 | L10: 31483.483 | M10: 33148.632 | N10: 30364.618 | O10: 45810.887 | P10: 71243.684
A11: 2. | B11: Mining and quarrying | C11: 22301 | D11: 32128 | E11: 37614 | F11: 28279.659 | G11: 32053.724 | H11: 44031.458 | I11: 57044.419 | J11: 46397.369 | K11: 44361.717 | L11: 37563.627 | M11: 42762.253 | N11: 39530.092 | O11: 35174.919 | P11: 28838.546
B12: Primary | C12: =C6+C11 -> 85594 | D12: =D6+D11 -> 108942 | E12: =E6+E11 -> 119418 | F12: =F6+F11 -> 125233.98 | G12: =G6+G11 -> 132936.33 | H12: =H6+H11 -> 152481.98 | I12: =I6+I11 -> 167873.44 | J12: =J6+J11 -> 169454.38 | ... P12: =P6+P11 -> 228443.28
A13: 3. | B13: Manufacturing | C13: 368161 | D13: 369736 | E13: 513276 | F13: 393467.68 | G13: 637708.88 | H13: 701068.81 | I13: 740557.67 | J13: 852772.5 | K13: 840761.38 | L13: 961068.91 | M13: 810851.67 | N13: 736039.92 | O13: 821786.62 | P13: 936774.33
A14: 4. | B14: Electricity, gas, water supply & other utility services | C14: 16777 | D14: 20176 | E14: 19679 | F14: 33126.154 | G14: 14363.299 | H14: 17249.972 | I14: 22112.371 | J14: 30123.324 | K14: 35013.778 | L14: 24420.813 | M14: 33580.1 | N14: 33197.685 | O14: 37844.928 | P14: 28225.346
A15: 5. | B15: Construction | C15: 232607 | D15: 232470 | E15: 279121 | F15: 300553.19 | G15: 305853.32 | H15: 336926.08 | I15: 370017.73 | J15: 418191.94 | K15: 419317.98 | L15: 394601.42 | M15: 536730.95 | N15: 560132.71 | O15: 616487.39 | P15: 700199.74
B16: Secondary | C16: =+C13+C14+C15 -> 617545 | D16: =+D13+D14+D15 -> 622382 | E16: =+E13+E14+E15 -> 812076 | F16: =+F13+F14+F15 -> 727147.02 | G16: =+G13+G14+G15 -> 957925.5 | H16: =+H13+H14+H15 -> 1055244.9 | I16: =+I13+I14+I15 -> 1132687.8 | J16: =+J13+J14+J15 -> 1301087.8 | ... P16: =+P13+P14+P15 -> 1665199.4
A17: 6. | B17: Trade, repair, hotels and restaurants | C17: =C18+C19 -> 142356 | D17: =D18+D19 -> 182518 | E17: =E18+E19 -> 183167 | F17: =F18+F19 -> 194683.24 | G17: =G18+G19 -> 215222.23 | H17: =H18+H19 -> 239562.55 | I17: =I18+I19 -> 266622.72 | J17: =J18+J19 -> 309579.85 | ... P17: =P18+P19 -> 461381.69
A18: 6.1 | B18: Trade & repair services | C18: 122777 | D18: 161020 | E18: 159896 | F18: 170160.24 | G18: 189103.17 | H18: 210802.96 | I18: 234017.16 | J18: 272917.33 | K18: 291179.63 | L18: 232415.46 | M18: 284966.23 | N18: 332661.22 | O18: 354322.86 | P18: 384234.82
A19: 6.2 | B19: Hotels & restaurants | C19: 19579 | D19: 21498 | E19: 23271 | F19: 24522.997 | G19: 26119.061 | H19: 28759.592 | I19: 32605.552 | J19: 36662.52 | K19: 39598.331 | L19: 19163.384 | M19: 30058.583 | N19: 54464.785 | O19: 64031.716 | P19: 77146.874
A20: 7. | B20: Transport, storage, communication & services related to broadcasting | C20: =SUM(C21:C27) -> 58764 | D20: =SUM(D21:D27) -> 66478 | E20: =SUM(E21:E27) -> 69939 | F20: =SUM(F21:F27) -> 73416.634 | G20: =SUM(G21:G27) -> 78029.269 | H20: =SUM(H21:H27) -> 86217.276 | I20: =SUM(I21:I27) -> 88057.165 | J20: =SUM(J21:J27) -> 96474.072 | ... P20: =SUM(P21:P27) -> 147891.94
A21: 7.1 | B21: Railways | C21: 163 | D21: 168 | E21: 183 | F21: 215 | G21: 240.6713 | H21: 262 | I21: 344 | J21: 322 | K21: 350.55455 | L21: 88.954663 | M21: 177.90013 | N21: 220.9321 | O21: 234.60981 | P21: 304.52188
A22: 7.2 | B22: Road transport | C22: 37096 | D22: 42460 | E22: 44836 | F22: 45480 | G22: 46521.901 | H22: 50831.318 | I22: 54244.021 | J22: 62407.779 | K22: 60654.662 | L22: 41376.833 | M22: 66032.489 | N22: 68200.044 | O22: 68771.788 | P22: 72113.74
A23: 7.3 | B23: Water transport | C23: 3573 | D23: 3590 | E23: 1757 | F23: 1665 | G23: 1429.2302 | H23: 3982.7318 | I23: 3823.2608 | J23: 5421.11 | K23: 6347.7844 | L23: 4905.1746 | M23: 5463.2652 | N23: 10211.807 | O23: 11804.83 | P23: 15775.797
A24: 7.4 | B24: Air transport | C24: 0 | D24: 0 | E24: 0 | F24: 0 | G24: 0 | H24: 0 | I24: 212.2992 | J24: 226.8166 | K24: 274.14911 | L24: 0.57730198 | M24: 0.42460609 | N24: 162.44505 | O24: 244.0704 | P24: 374.46389
A25: 7.5 | B25: Services incidental to transport | C25: 620 | D25: 714 | E25: 821 | F25: 441 | G25: 480.65878 | H25: 2162.9749 | I25: 2144.4528 | J25: 732.9762 | K25: 2477.9573 | L25: 1114.2832 | M25: 968.42688 | N25: 2007.9943 | O25: 2327.3621 | P25: 2822.1732
A26: 7.6 | B26: Storage | C26: 44 | D26: 39 | E26: 25 | F26: 25.6342 | G26: 25.721 | H26: 152.6178 | I26: 15.9715 | J26: 56.955001 | K26: 56.171824 | L26: 12.541347 | M26: 18.520062 | N26: 46.217715 | O26: 30.406177 | P26: 21.034446
A27: 7.7 | B27: Communication & services related to broadcasting | C27: 17268 | D27: 19507 | E27: 22317 | F27: 25590 | G27: 29331.087 | H27: 28825.634 | I27: 27273.16 | J27: 27306.435 | K27: 31650.118 | L27: 31092.384 | M27: 37769.286 | N27: 43668.549 | O27: 47079.193 | P27: 56480.209
A28: 8. | B28: Financial services | C28: 58223 | D28: 62830 | E28: 67792 | F28: 71799 | G28: 81950.173 | H28: 85855 | I28: 99218 | J28: 95259 | K28: 108829.47 | L28: 119250.76 | M28: 124096.99 | N28: 147750.71 | O28: 158008.8 | P28: 169616.55
A29: 9. | B29: Real estate, ownership of dwelling & professional services | C29: 118582 | D29: 139827 | E29: 170405 | F29: 198243.74 | G29: 227595.78 | H29: 262958.85 | I29: 288466.63 | J29: 310899.26 | K29: 338080.16 | L29: 333919.34 | M29: 375449.62 | N29: 408088.86 | O29: 435086.85 | P29: 486452.55
A30: 10. | B30: Public administration | C30: 62484 | D30: 68606 | E30: 58414 | F30: 77167 | G30: 86644.8 | H30: 90650 | I30: 92348 | J30: 104490 | K30: 107444.63 | L30: 119910.89 | M30: 123418.61 | N30: 129409.16 | O30: 142267.57 | P30: 156523.51
A31: 11. | B31: Other services | C31: 171808 | D31: 206451 | E31: 228441 | F31: 268566.67 | G31: 305912.29 | H31: 351202.38 | I31: 394396.56 | J31: 430045.93 | K31: 495995.45 | L31: 456730.09 | M31: 552286.2 | N31: 644187.6 | O31: 755388.67 | P31: 902084.39
B32: Tertiary | C32: =C17+C20+C28+C29+C30+C31 -> 612217 | D32: =D17+D20+D28+D29+D30+D31 -> 726710 | E32: =E17+E20+E28+E29+E30+E31 -> 778158 | F32: =F17+F20+F28+F29+F30+F31 -> 883876.28 | G32: =G17+G20+G28+G29+G30+G31 -> 995354.55 | H32: =H17+H20+H28+H29+H30+H31 -> 1116446.1 | I32: =I17+I20+I28+I29+I30+I31 -> 1229109.1 | J32: =J17+J20+J28+J29+J30+J31 -> 1346748.1 | ... P32: =P17+P20+P28+P29+P30+P31 -> 2323950.6
A33: 12. | B33: TOTAL NSVA at basic prices | C33: =C6+C11+C13+C14+C15+C17+C20+C28+C29+C30+C31 -> 1315356 | D33: =D6+D11+D13+D14+D15+D17+D20+D28+D29+D30+D31 -> 1458034 | E33: =E6+E11+E13+E14+E15+E17+E20+E28+E29+E30+E31 -> 1709652 | F33: =F6+F11+F13+F14+F15+F17+F20+F28+F29+F30+F31 -> 1736257.3 | G33: =G6+G11+G13+G14+G15+G17+G20+G28+G29+G30+G31 -> 2086216.4 | H33: =H6+H11+H13+H14+H15+H17+H20+H28+H29+H30+H31 -> 2324172.9 | I33: =I6+I11+I13+I14+I15+I17+I20+I28+I29+I30+I31 -> 2529670.3 | J33: =J6+J11+J13+J14+J15+J17+J20+J28+J29+J30+J31 -> 2817290.2 | ... P33: =P6+P11+P13+P14+P15+P17+P20+P28+P29+P30+P31 -> 4217593.3
A34: 13. | B34: Taxes on Products | C34: =GSVA_cur!C34 -> 249800 | D34: =GSVA_cur!D34 -> 297500 | E34: =GSVA_cur!E34 -> 321410 | F34: =GSVA_cur!F34 -> 318095 | G34: =GSVA_cur!G34 -> 365547 | H34: =GSVA_cur!H34 -> 402401 | I34: =GSVA_cur!I34 -> 435513 | J34: =GSVA_cur!J34 -> 315418 | ... P34: =GSVA_cur!P34 -> 620719
A35: 14. | B35: Subsidies on products | C35: =GSVA_cur!C35 -> 49200 | D35: =GSVA_cur!D35 -> 57100 | E35: =GSVA_cur!E35 -> 53299 | F35: =GSVA_cur!F35 -> 40072 | G35: =GSVA_cur!G35 -> 21498 | H35: =GSVA_cur!H35 -> 19273 | I35: =GSVA_cur!I35 -> 21558 | J35: =GSVA_cur!J35 -> 21620 | ... P35: =GSVA_cur!P35 -> 41928
A36: 15. | B36: Net State Domestic Product | C36: =C33+C34-C35 -> 1515956 | D36: =D33+D34-D35 -> 1698434 | E36: =E33+E34-E35 -> 1977763 | F36: =F33+F34-F35 -> 2014280.3 | G36: =G33+G34-G35 -> 2430265.4 | H36: =H33+H34-H35 -> 2707300.9 | I36: =I33+I34-I35 -> 2943625.3 | J36: =J33+J34-J35 -> 3111088.2 | ... P36: =P33+P34-P35 -> 4796384.3
A37: 16. | B37: Population ('00) | C37: =GSVA_cur!C37 -> 12670 | D37: =GSVA_cur!D37 -> 13010 | E37: =GSVA_cur!E37 -> 13350 | F37: =GSVA_cur!F37 -> 13710 | G37: =GSVA_cur!G37 -> 14070 | H37: =GSVA_cur!H37 -> 14450 | I37: =GSVA_cur!I37 -> 14840 | J37: =GSVA_cur!J37 -> 15240 | ... P37: =GSVA_cur!P37 -> 17040
A38: 17. | B38: Per Capita NSDP (Rs.) | C38: =C36/C37*1000 -> 119649.25 | D38: =D36/D37*1000 -> 130548.35 | E38: =E36/E37*1000 -> 148147.04 | F38: =F36/F37*1000 -> 146920.52 | G38: =G36/G37*1000 -> 172726.75 | H38: =H36/H37*1000 -> 187356.46 | I38: =I36/I37*1000 -> 198357.5 | J38: =J36/J37*1000 -> 204139.65 | ... P38: =P36/P37*1000 -> 281477.95
A39: Source: Directorate of Economics & Statistics of respective State Governments.

Sheet NSVA_const
A1: State : | B1: Puducherry
A2: Net State Value Added by economic activity at constant (2011-12) prices | I2: =[1]GSVA_cur!$I$3 -> 01.08.2025
F4: (Rs. in lakh)
A5: S.No. | B5: Item | C5: 2011-12 | D5: 2012-13 | E5: 2013-14 | F5: 2014-15 | G5: 2015-16 | H5: 2016-17 | I5: 2017-18 | J5: 2018-19 | K5: 2019-20 | L5: 2020-21 | M5: 2021-22 | N5: 2022-23 | O5: 2023-24 | P5: 2024-25
A6: 1. | B6: Agriculture, forestry and fishing | C6: =SUM(C7:C10) -> 63293 | D6: =SUM(D7:D10) -> 66602 | E6: =SUM(E7:E10) -> 66975 | F6: =SUM(F7:F10) -> 74483.734 | G6: =SUM(G7:G10) -> 67863.328 | H6: =SUM(H7:H10) -> 68013.801 | I6: =SUM(I7:I10) -> 73294.336 | J6: =SUM(J7:J10) -> 74466.612 | ... P6: =SUM(P7:P10) -> 81888.278
A7: 1.1 | B7: Crops | C7: 11067 | D7: 13206 | E7: 12562 | F7: 14972 | G7: 8918.4329 | H7: 7799.6321 | I7: 7845.3795 | J7: 8923.3915 | K7: 8293.7289 | L7: 5474.219 | M7: 13631.468 | N7: 4368.7427 | O7: 3138.4828 | P7: 5023.191
A8: 1.2 | B8: Livestock | C8: 31830 | D8: 32959 | E8: 33563 | F8: 35940 | G8: 34271.599 | H8: 34970.746 | I8: 36695.126 | J8: 35165.235 | K8: 35189.88 | L8: 35077.585 | M8: 35184.398 | N8: 45043.494 | O8: 46952.086 | P8: 48989.126
A9: 1.3 | B9: Forestry and logging | C9: 3283 | D9: 3047 | E9: 2846 | F9: 2864 | G9: 2565.9122 | H9: 3942.0051 | I9: 3880.8211 | J9: 3869.6519 | K9: 4035.1343 | L9: 4251.9926 | M9: 4378.2943 | N9: 4929.0234 | O9: 5545.8583 | P9: 6244.4855
A10: 1.4 | B10: Fishing and aquaculture | C10: 17113 | D10: 17390 | E10: 18004 | F10: 20707.734 | G10: 22107.384 | H10: 21301.418 | I10: 24873.01 | J10: 26508.334 | K10: 24335.71 | L10: 21277.2 | M10: 22314.37 | N10: 20424.193 | O10: 19317.072 | P10: 21631.476
A11: 2. | B11: Mining and quarrying | C11: 22301 | D11: 29218 | E11: 19318 | F11: 24810 | G11: 26654.289 | H11: 34875.845 | I11: 45425.816 | J11: 43715.931 | K11: 43979.084 | L11: 38923.325 | M11: 43817.136 | N11: 40607.75 | O11: 36354.87 | P11: 30408.084
B12: Primary | C12: =C6+C11 -> 85594 | D12: =D6+D11 -> 95820 | E12: =E6+E11 -> 86293 | F12: =F6+F11 -> 99293.734 | G12: =G6+G11 -> 94517.617 | H12: =H6+H11 -> 102889.65 | I12: =I6+I11 -> 118720.15 | J12: =J6+J11 -> 118182.54 | ... P12: =P6+P11 -> 112296.36
A13: 3. | B13: Manufacturing | C13: 368161 | D13: 350079 | E13: 480749 | F13: 347223 | G13: 423510.85 | H13: 448005.76 | I13: 499191.59 | J13: 918724.83 | K13: 779479.18 | L13: 788104.52 | M13: 582640.19 | N13: 477022.59 | O13: 527689.1 | P13: 586985.56
A14: 4. | B14: Electricity, gas, water supply & other utility services | C14: 16777 | D14: 17855 | E14: 17100 | F14: 4422 | G14: 13649.469 | H14: 14942.094 | I14: 17021 | J14: 11992.177 | K14: 13332.953 | L14: 7479.5818 | M14: 15879.788 | N14: 16892.532 | O14: 20828.488 | P14: 21071.55
A15: 5. | B15: Construction | C15: 232607 | D15: 207325 | E15: 247738 | F15: 213530 | G15: 214595.5 | H15: 231049.3 | I15: 272349.56 | J15: 286384.85 | K15: 315538.57 | L15: 256824.14 | M15: 314102.88 | N15: 454345.64 | O15: 505941.22 | P15: 568548.82
B16: Secondary | C16: =+C13+C14+C15 -> 617545 | D16: =+D13+D14+D15 -> 575259 | E16: =+E13+E14+E15 -> 745587 | F16: =+F13+F14+F15 -> 565175 | G16: =+G13+G14+G15 -> 651755.83 | H16: =+H13+H14+H15 -> 693997.15 | I16: =+I13+I14+I15 -> 788562.15 | J16: =+J13+J14+J15 -> 1217101.9 | ... P16: =+P13+P14+P15 -> 1176605.9
A17: 6. | B17: Trade, repair, hotels and restaurants | C17: =C18+C19 -> 142356 | D17: =D18+D19 -> 168520 | E17: =E18+E19 -> 158978 | F17: =F18+F19 -> 167318 | G17: =G18+G19 -> 147359.33 | H17: =H18+H19 -> 148451.1 | I17: =I18+I19 -> 150302.93 | J17: =J18+J19 -> 159063.06 | ... P17: =P18+P19 -> 131166.01
A18: 6.1 | B18: Trade & repair services | C18: 122777 | D18: 148668 | E18: 138888 | F18: 146263 | G18: 129679.69 | H18: 130912.02 | I18: 131895.02 | J18: 140513.9 | K18: 135916.13 | L18: 96042.387 | M18: 108280.45 | N18: 115519.62 | O18: 110965.77 | P18: 109501.86
A19: 6.2 | B19: Hotels & restaurants | C19: 19579 | D19: 19852 | E19: 20090 | F19: 21055 | G19: 17679.644 | H19: 17539.079 | I19: 18407.916 | J19: 18549.159 | K19: 18093.263 | L19: 7085.3269 | M19: 10640.827 | N19: 18465.701 | O19: 19580.075 | P19: 21664.146
A20: 7. | B20: Transport, storage, communication & services related to broadcasting | C20: =SUM(C21:C27) -> 58764 | D20: =SUM(D21:D27) -> 61319 | E20: =SUM(E21:E27) -> 61469 | F20: =SUM(F21:F27) -> 64357.513 | G20: =SUM(G21:G27) -> 68086.421 | H20: =SUM(H21:H27) -> 72620.182 | I20: =SUM(I21:I27) -> 70350.321 | J20: =SUM(J21:J27) -> 64469.077 | ... P20: =SUM(P21:P27) -> 79589.128
A21: 7.1 | B21: Railways | C21: 163 | D21: 162 | E21: 170 | F21: 177 | G21: 205 | H21: 223 | I21: 252 | J21: 233 | K21: 195.44681 | L21: 38.976026 | M21: 122.1296 | N21: 118.06344 | O21: 123.63645 | P21: 164.85392
A22: 7.2 | B22: Road transport | C22: 37096 | D22: 39112 | E22: 39726 | F22: 39602 | G22: 40439.267 | H22: 42871.803 | I22: 43474.537 | J22: 42339.102 | K22: 40706.843 | L22: 24852.291 | M22: 37438.215 | N22: 38263.45 | O22: 37804.714 | P22: 38197.551
A23: 7.3 | B23: Water transport | C23: 3573 | D23: 3306 | E23: 1500 | F23: 1405 | G23: 1196.9095 | H23: 3274.1979 | I23: 2974.1338 | J23: 3549.3 | K23: 4173.0283 | L23: 2918.2272 | M23: 3060.3814 | N23: 5586.0892 | O23: 6372.3708 | P23: 8603.0205
A24: 7.4 | B24: Air transport | C24: 0 | D24: 0 | E24: 0 | G24: 0 | H24: 0 | I24: 169.71624 | J24: 144.74364 | K24: 166.64703 | L24: -0.11145228 | M24: -0.22647283 | N24: 57.867134 | O24: 119.99576 | P24: 208.61722
A25: 7.5 | B25: Services incidental to transport | C25: 620 | D25: 656 | E25: 722 | F25: 387 | G25: 420.50862 | H25: 1834.9088 | I25: 1726.5713 | J25: 500.48432 | K25: 1671.3862 | L25: 654.13362 | M25: 547.47594 | N25: 1108.3643 | O25: 1271.7746 | P25: 1530.9022
A26: 7.6 | B26: Storage | C26: 44 | D26: 36 | E26: 22 | F26: 20.513043 | G26: 22.735745 | H26: 128.64018 | I26: 11.974712 | J26: 39.963049 | K26: 38.400975 | L26: 7.8758636 | M26: 11.283569 | N26: 26.728783 | O26: 16.862651 | P26: 11.190698
A27: 7.7 | B27: Communication & services related to broadcasting | C27: 17268 | D27: 18047 | E27: 19329 | F27: 22766 | G27: 25802 | H27: 24287.632 | I27: 21741.389 | J27: 17662.483 | K27: 20675.887 | L27: 17191.583 | M27: 19247.569 | N27: 25143.154 | O27: 26350.748 | P27: 30872.992
A28: 8. | B28: Financial services | C28: 58223 | D28: 61594 | E28: 62014 | F28: 64872 | G28: 76012 | H28: 79880 | I28: 85457 | J28: 76647 | K28: 82975.446 | L28: 90361.963 | M28: 79027.378 | N28: 91504.265 | O28: 95870.436 | P28: 100736.34
A29: 9. | B29: Real estate, ownership of dwelling & professional services | C29: 118582 | D29: 121773 | E29: 133665 | F29: 142451 | G29: 148008.99 | H29: 164805.2 | I29: 177345.12 | J29: 180651.02 | K29: 184779.33 | L29: 174663.75 | M29: 192327.29 | N29: 205940.06 | O29: 214996.18 | P29: 232605.3
A30: 10. | B30: Public administration | C30: 62484 | D30: 59482 | E30: 57698 | F30: 57212 | G30: 57340 | H30: 59260 | I30: 59418 | J30: 50045 | K30: 61910.249 | L30: 63385.177 | M30: 64936.049 | N30: 61212.863 | O30: 63461.218 | P30: 63955.032
A31: 11. | B31: Other services | C31: 171808 | D31: 184570 | E31: 185636 | F31: 205762 | G31: 213011.31 | H31: 241221.17 | I31: 264714 | J31: 277799.58 | K31: 300655.56 | L31: 255630.38 | M31: 292923.49 | N31: 322256.86 | O31: 357782.67 | P31: 405549.46
B32: Tertiary | C32: =C17+C20+C28+C29+C30+C31 -> 612217 | D32: =D17+D20+D28+D29+D30+D31 -> 657258 | E32: =E17+E20+E28+E29+E30+E31 -> 659460 | F32: =F17+F20+F28+F29+F30+F31 -> 701972.51 | G32: =G17+G20+G28+G29+G30+G31 -> 709818.05 | H32: =H17+H20+H28+H29+H30+H31 -> 766237.65 | I32: =I17+I20+I28+I29+I30+I31 -> 807587.38 | J32: =J17+J20+J28+J29+J30+J31 -> 808674.74 | ... P32: =P17+P20+P28+P29+P30+P31 -> 1013601.3
A33: 12. | B33: TOTAL NSVA at basic prices | C33: =C6+C11+C13+C14+C15+C17+C20+C28+C29+C30+C31 -> 1315356 | D33: =D6+D11+D13+D14+D15+D17+D20+D28+D29+D30+D31 -> 1328337 | E33: =E6+E11+E13+E14+E15+E17+E20+E28+E29+E30+E31 -> 1491340 | F33: =F6+F11+F13+F14+F15+F17+F20+F28+F29+F30+F31 -> 1366441.2 | G33: =G6+G11+G13+G14+G15+G17+G20+G28+G29+G30+G31 -> 1456091.5 | H33: =H6+H11+H13+H14+H15+H17+H20+H28+H29+H30+H31 -> 1563124.4 | I33: =I6+I11+I13+I14+I15+I17+I20+I28+I29+I30+I31 -> 1714869.7 | J33: =J6+J11+J13+J14+J15+J17+J20+J28+J29+J30+J31 -> 2143959.1 | ... P33: =P6+P11+P13+P14+P15+P17+P20+P28+P29+P30+P31 -> 2302503.6
A34: 13. | B34: Taxes on Products | C34: =GSVA_const!C34 -> 249800 | D34: =GSVA_const!D34 -> 275200 | E34: =GSVA_const!E34 -> 278733 | F34: =GSVA_const!F34 -> 273767 | G34: =GSVA_const!G34 -> 261770 | H34: =GSVA_const!H34 -> 278599 | I34: =GSVA_const!I34 -> 302521 | J34: =GSVA_const!J34 -> 241925 | ... P34: =GSVA_const!P34 -> 348856
A35: 14. | B35: Subsidies on products | C35: =GSVA_const!C35 -> 49200 | D35: =GSVA_const!D35 -> 52800 | E35: =GSVA_const!E35 -> 46222 | F35: =GSVA_const!F35 -> 34740 | G35: =GSVA_const!G35 -> 15395 | H35: =GSVA_const!H35 -> 13343 | I35: =GSVA_const!I35 -> 14975 | J35: =GSVA_const!J35 -> 16583 | ... P35: =GSVA_const!P35 -> 23564
A36: 15. | B36: Net State Domestic Product | C36: =C33+C34-C35 -> 1515956 | D36: =D33+D34-D35 -> 1550737 | E36: =E33+E34-E35 -> 1723851 | F36: =F33+F34-F35 -> 1605468.2 | G36: =G33+G34-G35 -> 1702466.5 | H36: =H33+H34-H35 -> 1828380.4 | I36: =I33+I34-I35 -> 2002415.7 | J36: =J33+J34-J35 -> 2369301.1 | ... P36: =P33+P34-P35 -> 2627795.6
A37: 16. | B37: Population ('00) | C37: =GSVA_cur!C37 -> 12670 | D37: =GSVA_cur!D37 -> 13010 | E37: =GSVA_cur!E37 -> 13350 | F37: =GSVA_cur!F37 -> 13710 | G37: =GSVA_cur!G37 -> 14070 | H37: =GSVA_cur!H37 -> 14450 | I37: =GSVA_cur!I37 -> 14840 | J37: =GSVA_cur!J37 -> 15240 | ... P37: =GSVA_cur!P37 -> 17040
A38: 17. | B38: Per Capita NSDP (Rs.) | C38: =C36/C37*1000 -> 119649.25 | D38: =D36/D37*1000 -> 119195.77 | E38: =E36/E37*1000 -> 129127.42 | F38: =F36/F37*1000 -> 117101.99 | G38: =G36/G37*1000 -> 120999.75 | H38: =H36/H37*1000 -> 126531.52 | I38: =I36/I37*1000 -> 134933.67 | J38: =J36/J37*1000 -> 155465.95 | ... P38: =P36/P37*1000 -> 154213.35
A39: Source: Directorate of Economics & Statistics of respective State Governments.
